0.29678119280139115,3.6718129035195313,3.0057075138066445,1.7891932822006476,0.7092268554983567,0.48133015527971584,1.4365235230050635,1.015544768373103,0.9470608102897594,1.1360704421045722,0.46555502589921494,-1.5199208481104647,-0.08281440955259503,1.4302129287834644,1.435826333405897,1.4539121465021345,1.5602391251852608,0.8806470867869911,-0.2545444935635084,-0.686669730999041,-0.2450345484185459,0.4683469100529,0.7002356417785627,1.3516552460880855,0.787139444005759,-0.027712137741799613,-0.08817488449252309,-0.8775830120653584,-1.0053991787588799,-0.6140431379279284,-0.46096349393426767,-1.7624865866420578,-1.359260164782321,-1.568846183935893,-0.09972343494524256,1.1312614988451029,1.4126653097927844,0.06839245017854814,-1.3472058919809562,-0.03217852334920708,0.6583125936376109,0.6783220538488268,-0.02121935222776277,-0.04572532115010065,0.20892973923918415,0.10068284251464878,0.5126029869321007,1.4952925266560047,1.4282993075231927,-0.3810959602625798,0.602419958584284,-0.26797671506877074,-0.44811680888315797,1.2329323598895163,0.9835250376685468,-0.36013431353501874,-0.024754044064868832,0.23210163221105537,0.5284896560659748,0.05765571670040077,-1.1116446492091216
-0.6634006512081957,-1.0238426269341674,-0.9813039806963917,-0.49892067092848297,-0.30037818141449907,-0.160573307070641,-0.300422350285415,-0.5099154996080548,-0.16298407306679483,-0.15339754973069483,-0.5803986372290678,-1.0062148852755874,-1.1220583660335655,-1.0881737818319044,-0.8647682496513508,-0.6889113628556696,-0.5906286221368501,-0.710562912816008,-0.4809815440515232,-0.004809723068259149,0.22494534946033343,0.9517683350007837,1.3893108671195342,0.8994696093487287,0.643048565498098,0.8690713219228812,0.8624213408520873,0.8270972255958818,0.7366006412899535,0.5400718371535049,0.39250892293906425,0.25224743909658004,0.20841710489800824,0.5521079037144874,0.6951581778243064,0.5465204832454545,0.6134649061267052,0.13641469206101797,-0.4981521569485702,-1.095519276906789,-1.0475279397715553,-1.370906840219264,-1.0210807466913125,-1.2224331550869842,-1.3095993181393566,-0.8584396290017557,-0.9738264351476577,-1.024760982169658,-0.9056160912118997,-0.78662114874712,-1.2025334779470065,-1.0707806293341258,-0.26412973248097876,-0.13807944353081056,0.03730236442192969,-0.9990791054850626,-0.7096159298595661,-0.7508537147175575,-0.7654525697002766,-0.668276939878701,-1.1116446492091216
-0.0831168411328366,-0.4409540702237839,0.45251087852552047,0.04885219240896789,0.7074525056971038,-0.08565619210136856,0.972159640136471,0.439504537214875,-0.2870292032986161,-0.2239759838760297,-0.016753757371398444,-1.1521782347155662,-0.7349715482349855,0.6042679621241499,0.9472682438320362,1.4772868575324158,1.829286531385778,1.7846830434476655,0.8945850279607025,-0.48089683328273614,-0.44296232420310766,0.22985364466679825,0.4733997475869819,0.6484464041626218,0.16400959221385653,-0.32620922590108115,-0.605252900889722,-1.2441990790351194,-1.1870776480920175,-0.622710404539212,-1.1436443867942894,-1.1552998205136462,-1.1001440810357954,-1.406587401274115,-0.05064246705595065,0.7556505073786624,0.48233316287507655,-0.5180061867392971,-1.1504491282339302,0.09363660398012512,0.6725378100385212,0.14589220153494697,-0.552443421347328,-0.2832991250208264,-0.20084282084735333,-0.6589795536904645,0.01208349535817003,0.6647822158246447,0.6578260313142588,-0.9787120275029547,0.8941296048923711,-0.23498477338663287,0.07553871626150635,-0.3643629450662043,-0.6445345618881323,-0.17991911580551914,0.4095486152195734,1.2299502419719197,2.3076602164945705,2.0635222677742346,-1.1116446492091216
0.2884317854621774,0.25732866776428975,-0.3599842083668965,-0.6586035351486254,1.204270450047894,1.5199537946264472,0.21053860041428163,0.2941177102303893,-0.07790183630522503,-0.48088148416504833,-0.2857336557338559,-0.26789541869083955,0.046214529713598115,0.34068119298088834,0.3674357815747593,0.22227737257930308,0.4205664045381269,0.6580682509143799,0.7255274341439706,0.6474372110214313,0.8486938380881751,0.9091371610869102,0.987044335333745,1.1075093889892693,1.1132398532599392,1.2248557300319236,0.9617003200003497,1.1206435004161401,1.0349272553627122,0.6358679418045331,0.21346894464102045,-0.6058710281416545,-0.8090753395633011,-0.8698852740082351,-0.6396140817274545,-0.8567831312870352,-1.2203111753700482,-0.9162881409338975,-0.7660870781234608,-0.46760322668712656,-0.9088320798626794,-0.9982655662033905,-0.33186331218704873,-0.33830782457478653,-0.06673543754630482,-0.30992442189570474,-0.5060865576314658,-0.6808122675829329,-0.062032212151022816,-0.07517344965143552,0.8485499726567328,-0.21299014559854088,1.2360725827983299,-0.7636867713051346,0.03730236442192969,-0.5731159108517,-0.2252014252730729,0.5299668888560896,-0.06995862335091646,-0.6109664669908771,0.8941489569725544
-0.897184056706182,-0.9025307953345444,-0.9712421220351853,-0.5777514519991862,-0.6854120882863614,-0.8126927396440804,-1.1086404578387088,-0.42730934791232433,-0.6297436336185835,-0.6248614898215313,-0.9221529378009964,-0.933233210555598,-0.647316018842191,0.22916371372797006,0.00570103088732804,-0.4730140318850698,-0.10505851403619786,0.7068526532974181,0.8318142129444671,1.1174498445505556,1.3592844150622936,1.3941673095787135,1.177162189098631,0.5074607683731642,-0.02558366898043391,-0.870223399559339,-1.709317881501021,-2.6439290858758895,-0.9741033350482499,-1.577478247561125,-1.5123988136412096,-1.5382497473524284,-1.2124776433536535,-0.6996027053906552,-0.5245805632369264,-0.0651567787541777,-0.11541248065364197,-0.8735983201662783,-1.1555332823359206,-1.1558177711107087,-1.0742002205232624,-1.1276466165417016,-0.7760765423990991,-1.0342874580618455,-0.881539387602676,-0.7104028543566567,0.027212548000203274,-0.35028594185812906,-1.0180939417533499,0.4370688936974571,0.15573956267502506,0.45784600193826286,0.3444429048493068,-0.32443056244231133,0.06513244304683026,-1.0809951044530168,-0.342129064311192,-0.3040558297500063,-0.2963985128600105,-0.630069957953485,-1.1116446492091216
-0.48806309708470585,-0.2693422108877319,-0.38513885501991246,-0.286683952661205,-0.17794804512805432,-0.8467459737210224,-0.8515531870464086,-0.7852693385938234,-0.9358806537419886,-1.0673882719127807,-0.5061972859566657,0.6688208335404817,1.2369272409853171,1.3055757460890267,1.485787042664188,1.4301124407258479,0.35217092627647856,-0.28941631411868735,-0.9500297200624108,-0.9053508916717194,-0.5368005924037563,0.09954703760929853,0.32407971651842343,1.0133756870444792,1.3087315714691634,0.25570933990438666,-0.6739208614672698,-0.388480010278511,0.9020215294747123,0.36034009795109995,-0.12229166506696486,0.2808837454127882,-0.4071708166038535,-0.37642243772640016,-0.3761873243841451,-0.597521759687191,-1.1859769965376028,-1.3361495649670745,-1.1250283577239784,-1.4358578932308355,-0.7855468710547898,-1.0417900670084446,-0.5837367932351185,-0.17168727085337143,-0.5909733904504039,0.2666398583009967,0.3613124605117689,-0.8536255241801655,-0.44445690399195364,0.4655268016612846,0.1010440039922587,-0.3559552262211383,0.2736786446946226,-0.9101055075927422,-0.2549134611395254,0.6392408738740241,0.3260288730494886,-0.3189490925822579,-0.7331040140561202,-0.8784153404673883,-1.1116446492091216
-0.012146878749519299,0.026540305208909466,0.8298305783207605,0.5521564100142271,-0.3713521734646119,0.04715142079870531,-1.7240431122977775,-0.7401113090001573,-0.4031227226181411,-0.6912052179181462,-1.032741490178134,-1.2315369489741959,-1.784734168243091,-1.0780358291725483,-1.0425130806664233,-0.7590354959465141,-1.0070475008348414,-0.7193288601192102,-0.5110191119734027,-0.6475652873370865,-1.0868190131596598,-2.0050655387237075,-2.1976337043415786,-1.7315458682953815,-2.2724744733118842,-1.9513600392127246,-1.139291076224749,0.18087305225056532,1.0650037804872137,0.9168698487808821,-0.12423247783984318,-0.9325190645960277,0.6123186689653289,1.0513656965199571,-0.08055118186348786,0.2801509355122814,1.1160676444570812,1.4180475529086602,1.1480969412759006,0.0988547429016179,-0.33389625032588627,-1.2385446596888257,-1.8377614276653569,-1.6872168049414578,-1.3407555789062668,-1.2269732837761338,-1.4882142249767851,-1.5113225784142932,-1.4455097738108607,-1.4553819858970634,-1.4304316391251999,-0.8618316653472526,1.9012566282523629,1.219621565681552,-0.6027894439507816,0.8522224711907055,1.4117855212605943,0.03848921539178302,0.9975437129062409,0.8791058280925425,-1.1116446492091216
-0.12486387782890562,-0.9469131727490405,-0.24930376309362604,0.5198155767544513,0.5548584227893613,-0.4091619158323177,0.31980069050100923,-0.18720080031673414,-1.071853200342254,-0.833067870550269,-0.8971813291997073,-1.1989431913322586,-1.4586555989018961,-0.6146717576243261,-0.2796514816071396,0.15087825525044313,0.3132497425143252,0.8131874053666965,1.0825123759847695,1.0065906450428783,0.998519644458959,1.2232404330372406,1.3893108671195342,1.3219966824616447,1.129671269230111,0.6420757007685648,-0.002960427390264451,-0.5451788130962316,-0.5900179804177907,-0.4178892093567758,-0.4575670715817303,-0.9519335095561687,-1.1870153692282723,-0.645665033132207,-0.13001559481441502,-0.022881836487536538,-0.3110759335180599,-0.534894467482531,-0.04769610351222628,0.27337250016488523,0.5249511898790762,1.0211520259434301,0.6512065168732963,-0.12225916400778411,-0.7555597245016908,0.08821658780769315,1.0219477592138837,0.5305583272054348,0.3203924796899078,0.8425940821819975,0.8758977519981158,0.8757439299120091,2.2550779290257847,0.8602301220665147,-0.7836849550126348,-0.2782183145670645,0.6935157385978626,-0.02108383593722371,0.010912765759474186,0.019448734775184946,0.8941489569725544
3.035386800063517,1.2988351244244674,0.34183043325225004,0.1842794316842787,-0.1690762961217902,0.5187887127643522,-0.3695145543108456,0.4857639821644842,-0.47866302628495516,-0.5338153097740495,0.08527310062815441,0.07008767685707279,-0.0007688340409395602,-0.01295444978371334,0.2920143262521473,-0.30046616500699186,-0.10014613161961529,-0.9468623618588485,-0.728984027919349,-0.9053508916717194,-1.1995826463755652,-1.4050116568416426,-1.2176700031757925,-1.8437326089693094,-1.174518831817836,-1.1049721918346755,-1.034220823292838,0.0786598169894107,0.47769866150201445,0.3544098629012746,1.2091058971277044,1.0977465171107228,0.3781655990672161,0.9100579105205516,1.0333567221864592,0.07139502591240679,-1.0229930632847895,-0.09673740597751708,-0.07870944353436757,-1.0021725695334136,1.3357885247309664,3.1347733321614637,3.8996111694205235,2.7039124290181316,2.6269264987580914,4.454522298918929,5.473671499132142,4.090846972829972,3.0760998179554386,1.9239945848074378,7.721958513791042,6.31941430746476,3.0334847907273126,2.6172549575178072,2.2080484971641683,0.033062481511161985,1.6289368509028153,2.01929317208126,2.420880161249118,0.7835883732795026,0.8941489569725544
-0.9431057970718579,-0.4705423218334481,0.18084069467294753,-0.18561884872440587,-0.8539753194053795,-0.6577505245939942,-1.2789607747386076,-0.23786590669011548,0.08749167067053648,0.24678217187335355,-0.5589944012851057,-1.1408412755357622,-0.27986403962759693,0.1319586382294371,0.5187590836551587,-0.5031886588514332,-1.3433567585854878,-1.1949767833538312,-1.0543910137397103,-1.190091986297603,-1.472029046907701,-0.9963958766860275,-0.08593840157966798,0.5078906026286198,0.05573077415400628,-0.1216116546519345,-0.0931388334499361,0.619291805147584,1.456811486163153,1.7420848645604523,1.9281770294791987,1.538939778829928,1.3761868927267635,0.7870265258649182,0.2066491693011972,0.27042395764562055,-0.29039269325755057,-0.8745365579853468,-0.8037098184781892,-1.2990266948450178,-0.9971469650183312,-0.5820997913824631,0.24439268233201988,-0.3279438666878084,-1.209357435671906,-1.061016267989786,-1.041907172036807,-0.806647163163442,-1.1839987713019888,-0.004028679741867012,0.38363772385321854,0.4248540602561248,0.853945577963034,-0.7636867713051346,-0.6723646405130328,-0.2782183145670645,-0.6428001361234981,-0.3934154067435165,1.887128993120539,0.7644848823168948,-1.1116446492091216
-0.1540868035161539,0.16560508777433078,-0.1335923884897524,-0.5999857748652819,1.0374815687301289,0.5102754042451166,0.6266986200093178,0.8800706795921047,-0.7585597303977826,-1.1040890576683549,-1.0691286912828697,-1.1840634324087655,-0.8878427914960187,-0.879451227080453,-0.6562783667850226,-0.41011480947631224,-0.8358698673954674,-0.697223427789396,-0.03619448059292259,-1.350685963666601,-0.49224712893033895,-0.4486255099813544,-1.2025748087781511,-0.4674033230002782,-0.7300279639067765,-0.6208297284998525,-1.3304031110851535,-1.4536939744464117,0.10946444849122511,1.303247470873362,1.4701452150798666,-0.15642662731438908,-0.3827070630324091,0.5222415893234457,1.11924841599272,1.3055988713783313,0.9932091973096557,1.6835688557050603,2.840611841828483,3.4187506833981907,2.901747763531181,2.6929698376882447,4.064473811561078,4.500863281114159,2.729200311275558,2.2900688254237447,2.4150813566677707,1.607705033374593,1.2427108541298,0.01020027424004659,0.4474492089831126,-0.4219391095854142,0.7124170576536655,-0.2179442087785968,0.5243287403576885,1.8515976585997487,-0.9100633110677703,1.795894229597485,2.8737599402673055,2.19724670451249,-1.1116446492091216
-0.3669966906661058,-0.7664248379300893,0.2311499879789796,0.06704391111759168,-0.14778409850675644,0.6958655299644505,0.20250462320202225,0.7655234825740251,-0.18286310034753545,-0.38983530411756645,-0.04457926409854931,-0.5293540397750738,-0.9046726531394353,-0.6456819657588275,-0.5544353825277378,-0.6498118462231989,-0.7032355421477406,-1.2494781078911315,-0.5002363952834973,0.04872160272140692,-0.6818950575207259,-0.6050738746275496,1.3893108671195342,0.7821248576093329,-0.9166719965936005,-0.7819233951254965,-0.4240687639441432,0.021640036988353553,-0.32949024251501374,-0.946136300718159,-1.2329217743467018,-1.2052920162860095,-1.3777327950301468,-0.26542673200446965,-0.37350320895269956,-0.22265899728741645,-0.436002704691536,-0.6620256919663199,-0.44019280018588025,-1.0224653320058867,-1.2875784665369177,-1.4287407659465274,-1.2912722990883327,-0.9091227358883424,-0.807712595785432,-0.8202617239617039,-0.8578370315587367,-1.1237511000263252,-0.8240696495693481,-0.4308972991992778,1.3681577801430134,2.7672819196879144,0.6274999454680442,-1.2561861569998152,0.09296252167173083,0.18051127965347974,-0.041457992498885744,1.512922235784702,0.5123153782438967,0.09586269862561675,-1.1116446492091216
-0.3878702090141403,-0.813766040505552,-0.8001905247946766,-0.5878579623928661,-0.3252190786320386,-1.3881923955444004,-0.5253737122286777,-0.5616820213373794,-0.3705211178777264,-0.6537986478211186,-0.4619618650058107,-0.8113608993727031,-0.5295069873382755,-0.24970546188750253,-0.2878181360051293,-0.7390607428842735,-0.6382409440206495,-0.5199988410072657,-0.30191142759416467,-0.36813935981088636,-0.35424967569409066,-0.13009824828524477,0.04135080523287381,0.26675358531799354,0.857920928184961,0.9685703513093084,1.1490893931426946,1.1375382500460829,0.8361783258237765,0.8379521054255115,0.8146357010401442,0.28379591215680927,-0.21345782914016945,-0.7686964177878408,-0.936017114371382,-0.4276737615539597,-0.42648841417170164,-0.16288317222185003,0.0661889483723571,-0.5563115883525083,-0.9989251170684451,-0.04490013076118002,-0.15631512842627288,-0.4586891815696845,-0.3491737144985132,-0.41355016414727397,0.05620989889743346,-0.2613626156479026,-0.0676561046780953,0.13826086007726976,-1.1387219928171126,-0.6418853874663334,-0.8160909616875168,-0.7503759770971702,-0.2549134611395254,-0.7860975081683812,-0.5759843423874301,-0.7359604518853058,-1.1212866817859957,-0.8975188314299963,-1.1116446492091216
0.9396855579208538,0.46444642903193867,1.008428569557174,-0.4382816085664036,0.7589086499334357,-0.17249193899757057,-0.3068495320552225,-0.8072976457126849,-0.2671501760178755,0.5029818878209189,0.2943211383475178,0.39248245353275435,-0.09824178272572709,0.47843807911684627,1.1581600838742434,0.22950228326139,-0.6061215205276103,-1.28759092225288,0.602681483283976,1.3942181885269145,0.6330235326018102,-0.4136357729010998,0.08745234487972377,0.9966121510817082,0.3030446504230032,0.45815325250880523,0.6824781911458623,-0.4226918782791454,-1.4016777192506231,-2.1435876088560097,-1.7972130880611332,-1.834805394118583,-1.5754398647095769,0.03813983665671338,-0.07326572569242124,-1.0374804508869266,-0.7222587498969845,0.22460904705346205,0.5217291559106911,-0.31105905904233533,-1.0101867467191659,-0.31856788239843753,-0.4036090916371049,-0.5416008446655083,0.11275171687176548,0.6117992854998326,-0.06986553978617617,-1.0851617320483025,-0.6441050887030277,-0.18900508150674508,-0.9564034638745579,-0.5868988179961036,0.24537294063274878,-0.8967947133847779,0.38517834723318595,0.1968944794470708,0.0921735949732504,-0.467881720904775,-0.47431556890287013,-0.2288966477387183,-1.1116446492091216
-1.0307745741336027,-0.9824190746806375,-0.9083555054026453,0.03672437993655194,0.2709624545889097,0.4336556275719971,0.7327471192111416,0.029778024804051572,0.8913995339036858,0.9483318072779815,0.6246598464159999,0.5178975644593381,-0.34788473043640544,-1.0410621194737197,-0.5347393336855272,-0.6098623400987176,-0.8664777886064813,-1.1069361821781922,-1.4953271069519158,-1.8328475505664301,-1.8410736647052104,-1.2425305789057484,-0.5412421028706824,-0.04960442669737401,0.42649092937839694,0.7674186338917264,0.8988236332064503,1.0142065777474998,1.066629538602052,1.5276840589129135,1.8466628930183009,1.7869593131957302,1.514981249723939,1.2479484524371112,0.9930949907147746,1.1432331639117623,1.067255197442279,0.6965426700449436,0.44851733684203027,0.6711106446253549,1.002088656659611,0.990744497983735,1.4617811740643574,2.235939869044588,1.849374599618678,1.2631610939382683,1.337136355922908,1.5187817071643666,1.3383170270900326,0.3303517388331046,-0.25447712744572265,-0.4329364234794601,0.33029005281837,-0.5773356523936338,-0.7558548763877343,-0.2782183145670645,-0.32542511587717493,-0.4976682465692785,-1.2183323487184647,-0.687380430841309,0.8941489569725544
-0.47553898607588524,0.1567286122914317,0.08776850205678846,0.32779187927453324,1.5697865091059755,-0.23208509863221913,-0.9993783677519812,-0.3028494126907569,1.0925752899847803,0.5594446351371868,0.6303676426677229,0.3563458961471285,0.1654260496877986,-0.24553101079247364,-0.7365037364593932,-1.0743815974823114,-0.5358366644134301,-0.022245485442830292,0.5892030874215944,0.7415915996443897,0.2892127348246432,-0.7993272425558585,-1.6982683545385304,-1.7061856472234973,-0.8088144968919595,0.43747812951941817,1.1490893931426946,0.9065025488566133,0.8548745441444123,0.8758143753590129,0.36388193453910644,0.3813534980815181,1.3372445911232393,1.0250655092203833,0.4589560198570887,-0.09171891062082839,0.061222391171107414,0.16972213463795155,0.04941123983578887,-0.1806055860050092,0.4698284763255487,0.6580503685423635,0.7977510876649005,-0.01622790254870174,-0.6424489517174732,-0.6052188302667181,-0.6044253998046814,-0.6288005107429891,-0.767830724298623,-0.6229881779551125,-0.3182886125756167,-0.13600894834021907,0.16045582844712758,-0.19132262036266806,-0.9228353481371372,-0.9826959056914716,-0.8933593626337533,-0.4232019324080199,-0.06995862335091646,-0.8211048675795644,0.8941489569725544
-0.3628219869964989,0.42598170193937523,-0.26942748041603887,0.5703481287228509,0.017230433009756036,-1.1906836378981367,-0.48199023528247686,-0.3039508280467,-0.19717599998966862,-0.6290961958702515,-0.42343424030667876,-0.5279369198775983,-1.0869961542764477,-0.2514945123568008,0.0743970061174778,0.06545431130341464,-0.972660823918764,-0.8809271930130238,-0.7285989308947094,-0.14186510328151775,0.7619525817682476,1.4557009851336435,0.85934715029424,0.014440877365519326,-0.25056767226432564,-0.6109228987341045,-0.6267633463718454,-0.4712642834652311,-0.8594873879521764,-1.707943418657287,-1.9515077035049764,-1.0470642898608598,-0.917414819665413,0.025212625950143112,-0.2070880522030689,-0.7845790263537452,-0.9232998452291348,-0.6019784715459325,-0.6583030111612655,-0.5464551037230214,0.48523912742653486,-0.42171498704603116,-1.2439506147702106,-0.9497813399064867,0.2766607409063805,1.4221058414519538,1.7821826544760504,0.3376114873153209,1.1161732722706683,1.8315063839249985,0.12839178333364204,-1.1147698849103098,-0.7453267015328324,1.033270446770051,0.13470763960908155,0.5900912744932515,-0.6260961876894812,0.17252858088204837,-0.11848145681715089,0.6498639365412472,0.8941489569725544
-0.8470876126708993,-0.5267599998918099,-0.5914069575746437,-0.06231942192151102,-0.13004060049422822,-0.3887299753861524,-0.39843687227497937,-0.5220310685234286,-0.8412564838856633,-0.9092925794272306,-0.5782582136346714,-1.1578467143054687,-1.7447632468399767,-0.6814629751447906,-0.11823995938804673,-0.7666854013746062,-1.1173871674226938,-1.1137964887633072,-1.3285800952830207,-1.3814380018861965,-1.544182001028368,-0.7723811231952029,0.016056155161150828,0.033353584605568774,0.32411056833347995,0.45212300830356744,-0.0716283879678127,0.19776780188050827,0.42689372041332957,0.2668248529346204,-0.08541622238227288,-0.522388914813048,0.6043305045338366,2.148841308919124,1.8082991917509834,1.0830007240451318,-0.08893793312019002,-0.14130370238327336,-0.28461768466497606,-0.2809098119403757,-0.06717344280881714,0.514956119320268,1.5068130994638604,0.27396291828668135,-0.8273545862689189,-1.0812739318885891,-0.4833929786684161,-0.2563292198246821,-0.4135254950930547,-0.3526380522987525,1.304346295013119,-0.24598208728067877,0.13215012438525375,-0.13807944353081056,-0.9367503874495875,0.1968944794470708,0.3093249246154714,-0.5274547722337819,-0.10230717899507269,0.8217953552047186,-1.1116446492091216
0.4888175616033085,-0.33739518958995945,0.40974797921539324,-0.021893380346791502,-0.42813136710470223,-1.0868212739634635,-0.975276436115203,-0.25218430631737554,-0.44844690481822946,0.12326991211901772,-0.7273743907109409,-0.8482060167070665,-0.46288878499975167,-0.8782585267675874,-1.1722187681639085,-1.1219810090348847,-1.253800248375484,-1.4819662754977974,-1.1706903151808334,-1.0458231650204888,-1.3367915427361776,-1.2175953639749924,-1.212774264452233,-1.5703580224995082,-1.4500610380868717,-1.5481951409196693,-1.3775606261805782,-0.19841407694165306,1.1536075977458806,1.9149740248592126,1.7011019350524113,0.9186482623534218,0.5514089151752016,0.040814431975314064,-0.3666011978432678,-0.6794528424871418,-0.12616776558910678,0.6322733794387478,1.4668734034706945,1.8341758309048042,1.2551789651258076,0.45414106340087756,0.19401798612240598,0.8136859559393033,1.559485912483078,2.0937253137891925,2.938294427204751,2.612706399410926,2.0947305719812856,0.8710519901458247,0.21955104780491944,0.9087358715941471,-0.9151609259040749,-1.2428753627918505,-0.3940638542640279,0.7703064722227511,0.47636440895564164,-0.4232019324080199,0.12413271051402135,-0.4008280664021897,0.8941489569725544
-0.34612317231807127,-0.778260138573955,-1.0718607086472494,-0.17349103625199006,-0.0342257112265758,0.9189142131684207,0.48208703018864874,-0.1541583396384419,-0.10732279668072116,-0.5507541339689297,-1.1447569916182025,-1.53409204708522,-1.1010210389792947,-0.22942955656879002,0.5115532121275206,0.9715431097863256,1.2144829781719562,1.3540082411599073,1.4999575506939664,1.4705288018866514,1.1574138548995534,1.1098254231908986,0.5125656573754565,-0.7399182409591682,-1.4555381767435958,-1.6653541711928648,-1.924008673909138,-1.4389110685202116,-0.2644599179214968,0.1769589833334176,-0.198468566402447,-0.38309027222403597,0.14401252916910315,-0.025158919216837227,-0.2929797460093298,-0.6304438386205046,-1.0544315884807636,-0.9688294588017364,-0.8840394532896365,-1.209738539966137,-0.7179770931504658,-0.49385833769550425,-0.8356102742831883,-0.2713407120743133,0.013864454437658904,-0.6309304805998142,-0.5716457857469428,-0.2546514212169422,-0.18294590148308176,-0.5020420691088462,0.15573956267502506,-0.1909955178104489,-1.127453706368128,-0.8701731249688492,-0.6167044832632318,-0.8843967069299264,-0.9267672595017874,-0.5870278235627887,-0.4257927354366356,-0.9548293043178201,0.8941489569725544
0.3510523405062809,-0.2160833579903364,-0.045551125204196505,-0.37562124412558806,1.8749746749214606,1.0415058558454122,-0.5318008939984852,-0.5826089131002978,-0.0174695933717737,-0.051058820219959264,0.5319081573254973,0.415156371892363,0.6233385352357562,0.5285314922571948,1.2657677653536386,1.7135839363112617,2.085108292618573,2.066717869724604,1.822283760317212,1.0935315926019815,0.8739276581085179,1.0780531331984835,-0.3050227094589465,-1.2131657562158524,-0.3992930527122915,-0.15650092469652582,-0.3446455806255335,-0.8826514369543412,-0.3404641097901699,-0.442978665336807,-0.14218499598896972,-0.5272425260530833,-0.08814349962113695,-0.011785942623833558,-0.5916834490230679,-1.0427180543535899,-0.9716986274387265,-1.2137095295786284,-0.35223693422144736,0.05595004510267534,-0.1222961563623446,-0.009722794494081803,-0.5303090851340128,-1.2216359275572166,-0.5076642583997525,0.48713673843027566,1.2829239172889557,0.29063312629859733,-0.2560565043350246,-0.30283671336205464,-0.5826504795423211,-0.9718048042877122,-0.8302438137184536,-0.4575385045219548,0.12079260029663139,-0.32736791394783704,-0.30872116744315786,-0.2444827784209994,-0.5551869580132608,-0.2288966477387183,-1.1116446492091216
-0.8554370200101131,-0.3462716650728586,-0.4857574416319765,-0.604028379022754,-0.8983340644366999,-0.30359689019379726,0.4338831669150924,-0.1343328632314666,-0.1844534225299945,-0.004477053684038327,0.43772951917206404,0.3981509331226566,-0.03793477850348457,-0.2693850170497824,-0.6461901466463293,-1.0131823540575746,-1.0444571823149693,-0.8188033056033737,-0.7131950499091301,-0.7785461908649928,-1.1321610335087127,-1.319347128127916,-1.0936446221789566,-0.6771624396626413,-0.20422265286127672,0.2371878755597272,0.6336660263979665,1.228347529307026,1.3779622175935138,0.5323169143960407,-0.023795416843379432,0.29884210700091857,0.6058282853647418,-0.034965768718373404,-0.7703688477450216,-1.0004431120869488,-0.8649731076944986,-1.0040133770168072,-0.8535345286776945,-0.261776635894901,0.1467975205548762,1.0622916225947827,1.0511510746587163,-0.6755350696664542,-0.352560264581873,-0.3761514000264069,0.3840060394748186,0.8124284933057754,0.5678437508810984,-0.20323403548865868,0.38363772385321854,-0.4219391095854142,0.004774456106821918,-0.2578765914024898,-0.9506654267620377,-0.6714151096132451,-0.9768791048038384,-0.14022993859523744,-0.2802242350379323,-0.8975188314299963,0.8941489569725544
1.5450175900138543,0.5443347083780319,1.008428569557174,-0.3311525983933966,-0.4831362109435397,-0.4295938562784828,-0.7181891653229028,-0.23786590669011548,0.4389528729940301,-0.20280245363242924,0.34212393195569973,1.13151048006624,0.5959900100652047,-0.6051301551214027,-0.18021045452573423,0.08627905385766525,0.610637816502818,0.8440587849997128,0.3754742387466825,-0.3309331901131041,-1.1751373832308585,-1.7565177511881067,-1.8410607339756764,-2.2219867537702926,-1.8578972088337016,-1.9039795490287117,-1.7531660972915033,-1.0292133899940958,0.23342850474761653,0.7626837374854176,1.4235657085307818,1.73599639517536,1.2828252209336992,1.3469084792253383,1.3738559369184224,1.6258409119114723,2.172153892158685,3.072160827926518,2.791803962449375,2.3067072999066736,2.339851715695222,1.8886609118523836,1.686940801061874,1.2138941758826065,-0.33020903403169827,-0.2795379260475002,0.15833100423115726,0.4986801536583726,0.17979516651309507,0.21652010697779506,-0.1997815687629563,0.07294001564665407,1.2360725827983299,-0.9234163018007066,-0.797599994325085,-0.9663127058978809,-0.9267672595017874,1.2448435048041713,0.5123153782438967,0.26779411728908836,-1.1116446492091216
-0.7134970952434785,-1.0918956056363949,-0.6165616042276597,-0.6666887434635693,-0.9764054556918241,-0.9046364716518238,-1.9040042018523877,-1.0441019472404458,-0.8030887515066415,-1.1647865110333429,-0.8829118385703991,-1.4256823749283425,-1.1255645872092772,-0.629580511535144,-0.6606018897016055,-0.7475606378043759,-0.8558972726323036,-1.1233246923537439,-1.4991780771983108,-1.7891872493904615,-1.9211121875822343,-1.2964228176270598,-0.7954125382688028,-0.40808619574739663,-0.04959881539837757,0.4146493478853025,0.5674800402991255,0.9022788614491275,0.8012245263547609,0.6550271627347386,0.6161875950133145,0.3769852479654863,0.24136828317791323,0.5949014288120988,0.4946164105891528,0.03959529057909275,-0.9853495660106626,-1.4262203955976553,-1.2216272856617947,-1.1314664561437413,-0.9183155574632865,-0.580311113267187,0.18333244450218472,-0.12863698424592437,-0.896440207969459,-0.7750715506489895,-1.0860335755760704,-1.0063051974845165,-0.6806603901289991,-0.9289106885662568,-0.07215859850316807,-0.10301700665808118,0.44351286906586507,-1.1496998033361003,-0.7697699157001846,-1.0973783042466079,0.5598841511257264,-0.3040558297500063,-0.49048984672494816,0.11496618958822474,-1.1116446492091216
-0.00379747141030555,0.7484936444847142,-0.12856145915914924,-0.7333917120618568,-0.45119791452098884,-0.3529740796053632,-0.3614805770985863,-1.135519421783721,-0.8468226115242707,-0.8930595395738037,-1.4094560427918674,-1.459693252467755,-1.375908779155098,-1.2289124187500258,-0.8402682864573813,-1.2864539757388653,-1.1495065909157332,-0.9140853415077449,-0.6873935492582849,-0.9383808586483221,-1.6226434101541203,-1.6402874751399055,-1.3192565816896478,-1.1160232144828728,-0.9625956976384399,-1.9599746737916361,-2.625993788969975,-1.7865205421562869,-0.3290838029863043,1.15955331389682,1.4914941555815302,1.3811974135287821,1.9483391701323867,2.458202834103942,2.3554752947042625,1.9217655077779612,0.7673482136648944,-0.19431413916064644,-0.4696808939774242,-0.40614514605620855,0.2742317508130312,0.6502994300428332,-0.6356379953904784,0.08900613138061296,-0.26925113253122157,-0.11046434658441337,0.571858443113397,0.38962324415526456,0.14886375761419635,-0.5091565460998031,0.11927585688651438,-1.0927752571222178,-0.7170209974709587,-0.3909845334821331,-0.2131683432021747,-0.16353591601192838,0.4262525636535906,1.2150569791396681,0.2858754887348027,-1.0312432681682517,-1.1116446492091216
0.017076046937728965,0.6626877148166883,0.5254593538192669,0.778542242832657,1.5697865091059755,2.1635599186806513,1.5393584313219835,0.7567121597264805,-0.2719211425652531,-0.8987058143054304,0.06172844108979589,0.7885674648771632,-0.014092474508644396,-0.1030033234050538,0.010504945239086757,0.2120774986751802,0.5354405779720555,-0.008524872272600867,-0.2938243900767354,0.26702310860125084,-0.9046623748878121,-1.7661700924516255,-1.2462284790632217,0.9927436427826072,1.043722324155366,-1.092480971695254,-1.841276191285586,-0.20221539560839025,0.6553127355480572,-0.7308231512168009,0.08246408247171978,1.2414134098157668,0.8220079852919975,2.2148146601112755,1.5360531979900671,1.2382582553783723,1.6356306398010743,0.445564053444106,-0.12853415373387272,0.04667335368668776,-0.02746138035627584,0.09998279657619147,-1.436290363934191,-0.19879300686546758,-0.2888931230147086,0.04536383725253287,0.09025026734200818,-0.2563292198246821,-0.17451006269247316,-1.0000554584758254,-0.02657896626752938,-1.1367645126984016,0.7124170576536655,-0.5507140639777051,1.6514469246661585,-0.14715271621833745,1.21133814005239,-0.43809519524027163,1.984174660053008,0.15317317151344056,-1.1116446492091216
-0.3878702090141403,0.09459328391113687,0.28397474595031313,0.4996025559670915,-0.19569154314058254,-0.2593276858937728,-0.027267125068595972,1.4990661096321125,-0.47309689864634785,-1.3031202419581989,-0.09880332848991999,0.05875071767726867,-0.720245419296996,0.4235738647250363,0.633092245227016,0.7297210993094138,0.14925174491457188,-0.2974200051346545,-0.6396415182029894,-1.163516150799187,-1.5106683338138505,-2.1128500161663304,-1.647679054395084,-0.7248740420182198,-1.3122899349523538,-1.3242146418679717,-0.773199840615532,-0.8345014005090036,-0.7607225824757724,-0.7043651794560406,-0.5594597421578528,-0.2258332680468935,0.25734461204089765,0.02387532829084265,-0.6376968564192791,-0.7509087183537654,-1.0912477561444702,-0.6301256061179891,-0.004480793645308672,0.3562829296952746,0.03358850669763127,0.16676011287983591,0.11845594180798488,-0.15095935507941535,0.055857675471320485,0.13730246571633123,-0.4279197856476278,0.2251989805967326,0.3569477811158794,-0.3668670062806662,-0.6920415969078537,0.622805710348952,1.122849766550835,0.6339466205311209,2.736819991037278,0.08221208089193457,2.714693499113921,2.1682258004037775,1.8224318818322265,0.592553463653423,0.8941489569725544
1.7454033661549853,1.5089117108530825,2.1001402342980686,1.942812240184582,0.982476724891291,0.2412548550372749,0.10770369209736172,0.37231820050234754,0.023083622280937032,0.0011692210475884237,0.3578203716479389,1.0294778474480024,1.2474459045124524,1.6830653951109367,0.8704056142038967,-0.8100348654671282,-0.6204807922068512,-0.5337194541774951,-0.9111349205738233,0.17324837477112678,1.0769810535847115,0.4269222787969667,-0.5738803610277444,-1.738423216382672,-2.157454561520681,-0.2366170262804025,0.1463717037452467,-0.8319671880645124,-0.696911576468384,-0.1473792566993486,-0.3275326157988691,-1.518349941268284,-1.647333344593006,-1.3343733276718954,-1.3589570173548904,-1.0569344066202482,-0.7776898337951493,-0.8750056768948812,-0.13260147701546512,-0.507029165205074,-0.8300006723076347,0.09819411846091515,0.6069378444466657,-0.5599370778501616,-0.9147275784196023,-0.6550838490945408,-0.4733069435737272,-0.4912210249082992,0.14323986508712389,0.5793584335165941,-0.02657896626752938,0.21590509626925167,0.754875613746476,-0.7769975655130988,-0.8810902301997865,-0.6058823104388819,0.12558149184128423,0.33635447203681723,0.2858754887348027,0.05765571670040077,0.8941489569725544
0.7476491891189364,0.34905224775424853,0.9505728822552373,1.4475932308942667,1.8678772757164492,3.484825400866001,2.876212239441945,1.119077811831752,1.6134058047401836,1.1530092662994527,0.4505720607384411,0.26706734260617054,-0.34788473043640544,-0.9468387947573501,-0.7845428799769802,-0.5975374924645693,0.09559341390267104,0.5284846820844353,0.6288680809594608,0.8501728703950602,0.825037131819104,0.5761313874955232,0.8287487832719946,0.22076131998423748,-1.1677777380864833,-1.9642819910810918,-1.5843918327394577,-1.3954070882231084,-0.7834831960835035,0.2184706286821964,1.1775676895684286,1.4190555812010572,1.7765936348553062,1.7605792218355847,0.840100411122372,0.7620104544453249,1.1268229293925458,1.7956882750837526,1.5375431454883604,1.2949681423505226,0.7193624806915175,-0.5600394279607234,-0.5974753467468313,0.3273771627811062,-0.051834617179521585,0.05315524644438019,-0.7267185753277826,-1.1606626693966076,-0.21950120290905317,-0.21034851247961547,-0.45502750928253277,0.6448003381370442,0.21706723657087496,-0.6438896234334555,-0.7141097584503836,-0.5075831116773365,-0.5091685486513621,0.0533824782240349,-0.797801125344433,-0.7255874127665247,-1.1116446492091216
-0.730195909921906,0.5650464845047968,0.45754180785612364,0.12970427555840705,1.18297825243286,1.4637659583994929,0.32783466771326863,0.11128276114383895,-1.044817723240447,-0.8902364022079902,-0.17585857788818368,0.8417094610324954,-0.09263182884458808,-0.5282009849415821,-1.0146503774262225,-1.1474806937951916,-0.8642105351834433,-0.16593079558662213,-0.7054931094163405,0.18691594731316893,0.4895061812361122,0.5210326061162717,0.5190933090068687,0.6007348018070433,1.3087315714691634,1.001305962709172,0.13106619445988943,-0.4577484837612768,-0.39777208333820663,-0.18934707397503753,0.28964584597650234,0.3575708030053452,0.9677919861667288,0.7580517432467438,0.8048234654519435,0.8435674227119427,0.564238794306693,-0.29189087234377603,-1.4158419723578255,-0.1574138574650401,0.3358743552169762,1.4408951569949104,1.499180569735131,0.2819351935843567,-0.18391007043055427,-0.1805870293110393,-0.431702048808136,-0.24458462957050137,-0.5906781096958389,-0.9289106885662568,-0.8014327142733865,-1.2027483960626772,0.004774456106821918,-0.5107816813538121,0.4130084258580865,-0.26183511477347354,-0.0581619409329028,-0.08065688726623058,-0.7654525697002766,1.3949000840829566,-1.1116446492091216
0.17154008271318433,-0.39361286764832126,-0.10843774183673639,0.06906521319632772,-0.3571573750545893,0.11525788895258939,0.7889849596969573,0.37231820050234754,0.05091426047397387,0.3773522750422231,0.5697223074931635,0.7233799495932892,0.22362932120461387,-0.6164608080936242,-0.6894253758121578,-0.44283940491870644,-0.5105190011895052,-0.23186596443244714,0.187931987747255,0.45798946939700996,0.6870396785828562,0.43094408765676606,0.6561739932665293,1.034007731306351,0.8073627251998168,0.7140078995024751,0.8599393663733811,1.2093409359733405,0.8780415972808528,0.12176218017734905,-0.5279215345985767,-0.9417409259520946,-1.2484243832953679,-1.2394251938615695,-1.112401842723525,-1.4003715482200416,-1.2240341586169399,-1.1799329680921606,-1.2038327463048286,-1.1337856289977382,-1.1749621700297108,-1.019729703586705,-0.33873258894290526,0.11132850221410395,-0.11211520866332621,0.3406582456235461,0.6399391800025465,0.22855457781221294,-0.03672469577919657,-0.4878131151269326,-0.245361200998595,-0.15800357612831104,-0.9010080738731381,-0.7903083597210632,-0.43580897220137865,-0.6386487100260635,-0.5759843423874301,-0.8402132917110676,-1.1698095152522303,-0.649173448916093,0.8941489569725544
-0.3043761356220022,-0.9646661237148391,-0.6970564735173108,-0.09870285933875873,-0.3749008730671175,-0.2967862433784089,-0.652310552182376,0.5364290885378655,0.3395577365903271,-0.22256441519312298,0.1138120818867706,0.3202093387615027,-0.1213828424854246,-0.65939801935678,-1.2236206517277266,-0.49723873240736144,0.020018299801402135,0.6531135850473527,1.028598792535242,0.7427305640228932,0.7382958754991765,0.84961438996188,1.1608430600201,1.115246405587471,1.1633767378868738,0.3827751999433303,-0.9320462072527516,-1.3227596648143538,-1.040352978227895,-0.10404292364293134,1.1096392425176802,2.011681513609363,2.6358205715176783,2.1421548206226224,1.0797535746443057,0.3257929085789205,-0.8749010630195431,-0.7990084135503284,0.17549826156514942,1.2323504752926067,1.3760933045335457,0.5793485314702108,-0.12807476842997406,-1.0366791406511482,-1.0732181223208415,-0.6153476622161195,-0.16190061002521125,0.22352118198899268,0.7028171715308386,0.08134504414961509,0.09192807754513103,-0.49892030684373584,-0.7311738495018955,-1.296118539623708,-0.2549134611395254,-0.4420503125029731,-1.0603988469739234,-0.12533667576298568,-0.053784345528838276,-0.5154490121778375,0.8941489569725544
0.33435352582785344,0.5768817851486623,0.4701191311826315,-0.0037016616381675754,-0.8433292205978626,0.6788389129259795,1.3722517053069883,1.5288043242425753,1.0090833754056698,0.3328878615306619,0.7801972942754579,1.039397686730331,1.2460434160421676,1.7599945652907576,2.2620996019083957,1.8852818136973293,1.4608578501420924,1.6768237788039173,1.8165073049476201,1.2347631755364197,1.0501701198130975,1.2011204843083438,1.0311059838457788,0.464477342827598,-0.07403528017453072,-0.3610984959456725,-0.9750670982169986,-1.5643545845225377,-0.643667998207442,-0.9032561395886514,-0.9447110775742406,-1.5227181913843155,-1.6987571531207368,-1.0744918158811911,-0.7481290341701862,-0.7505346038204324,-0.8074736997702828,-1.1752417789968177,-0.22004892756969885,-0.04435418083269112,-0.7428712218520588,-0.7436770477957458,0.3565908693443418,-0.05529205150731114,-0.6200977211672983,-0.14007170151343315,-0.14551080299634206,-0.6271227121352491,-0.33479099971403964,-0.15343269655196082,1.7874903967108886,-0.179998203916403,-0.561339625130653,1.6588777745443748,-0.8532601515748861,0.033062481511161985,0.7436275838999136,0.5150736260238377,0.33439832220103705,1.1656581925316614,0.8941489569725544
0.058823083633798,-0.15394802961004178,-0.6014688162358501,0.7138605763131057,1.4899407680495984,1.2373119517878284,-0.4787766443975733,0.007749717685190068,-0.16536955634048367,0.47263316113842513,0.6753165381500436,0.2890327010170411,-0.8338469853900575,0.20053890621919976,0.85022917392651,1.470061946850329,1.1823635546789166,1.4008870028248581,1.4179318844457571,1.4910301606997147,1.487819185790913,0.9356810995615862,-0.0504442958338629,-0.3792873006318671,0.5579422571397719,0.2578629985491143,-0.4596437314722707,-1.2235030107384395,-1.3923296100903053,-2.029088455201686,-1.2537855116551457,0.5920002258990484,0.7036832996505201,1.3562695628404406,1.319406738166239,1.1967315421783973,0.7474923030148053,-0.9524102969680367,0.7505160905002561,1.9292619179186772,0.9007339898031247,0.2669260873353029,-0.02350911114638155,0.5513980986457839,-0.4101316159989899,-0.3418691995822787,-0.18459418898826094,-0.35699713628908947,-0.2588684505985607,-0.6229881779551125,-0.7923167878262588,0.358870176891849,0.3444429048493068,0.34110914795590547,-0.04618787145277177,-0.5567327110581091,-0.8432475173317023,0.6491129915141033,-0.34492134632624494,-0.8593118495047803,-1.1116446492091216
0.1464918606955428,-0.5178835244089106,-0.13862331782035558,0.1842794316842787,0.7589086499334357,0.7809986151568056,1.3433293873428547,0.28530638738284475,0.5812867083241324,0.3858216871396631,0.47554366933973025,0.4456244496880865,-0.33876855537955486,-0.555633092137487,-0.6778959813679368,-0.4368894784746348,0.07632175980684751,0.522005503642938,0.5737992064360151,0.043406435621723936,-0.665335363132376,-0.640063611707804,-0.38702633307856477,-0.6767326054071857,0.09322810803465496,1.2248557300319236,0.9687325810233517,-0.4231142470198939,-0.5298649301687877,-0.8220575365987322,-2.2028429575927455,-1.2387819338422525,-0.9783245734555406,-1.1074784914772666,-0.805262348353815,-0.8960651572870115,-0.8343619121089448,-0.16991995586486416,0.19634329338330975,0.7876490805386994,0.5948918371835522,0.04930358331003266,-0.8928542472486588,-0.9274589690729957,-0.5273062488832394,-0.5841820254487302,-0.7090680139120773,-1.274752974722936,-1.141819577348945,-0.5731868390184147,-0.482375288623916,-0.4329364234794601,0.6841113535917919,-0.7104435944732772,-1.0898158198865402,-0.5239663114709274,-1.0603988469739234,-0.5423480350660336,-0.39344417979247936,0.17227666247604856,0.8941489569725544
-0.43796665304942306,-0.24567160960000056,-0.6140461395623581,0.17417292129059864,-1.1538404358171066,-0.398945945609235,0.3567569856774023,0.11568842256761137,-0.009517982459477463,0.2799540359216608,0.15519360471176383,0.8346238615451178,0.7776122669670745,-0.19484124749569254,-0.23977899248754211,0.14747829728240233,1.04557259815562,0.44044408090879633,-1.111000276361714,-1.1764244137555604,0.49147757342520126,0.354931900206558,-1.306201278426823,-1.7328353710617486,-0.3542119883838715,-0.5424365538317585,-0.9328735320789872,0.6437891921110013,0.7817154289767058,-0.783739094738321,-1.3362700545024833,-1.2907155741106302,-1.8165825784852454,-1.0397220767393816,-0.31330233427598986,-0.9181379147536649,-0.8504948395121421,-0.6521741948661,-1.2851792119366738,-1.670094351484523,-0.7215333972506932,-0.6840544439532061,-0.441008487307879,-0.1836456837998845,-0.6580270821009283,-0.7104028543566567,-1.2574961721857796,-0.8334919408872841,-1.141819577348945,-0.43801177619023457,-0.6008823324365764,-1.05978331544008,-0.09429550810973633,0.39435232478776294,1.3453160597922529,0.9013720705714781,0.3260288730494886,0.20231510654655185,-0.4096184576145575,0.1913801534386564,-1.1116446492091216
-0.3544725796572852,-0.591854153433071,-0.0757367011878157,-0.43423900440893165,-0.05729225864286241,0.9461568004299746,0.35354339479249897,0.061719070126400565,0.9915898313986183,1.2624058392247217,0.7951802594362314,0.8055729036468696,0.8035583036673415,0.18622650246481445,0.05566174014561876,-0.35444049774964176,-0.716839062685969,-1.2182256001144978,-0.6396415182029894,-0.49418475103194387,-0.52694363145831,-1.087288756917493,-0.903934746641034,-0.855973489932197,-0.2893289612196028,0.04292786580527408,-0.24743491354286026,0.25225336943707427,0.636210077698712,1.2658413728667701,2.062578314001037,1.2642253826439322,0.3522040646648665,-0.22798239754405955,-0.9398515649877329,-1.0011913411536149,-0.921645186008294,-0.7652318520638606,0.17448143074475117,1.418464096825858,1.8567870754143079,1.3991593343051325,2.3692889588102815,2.320445987199947,3.4234430783643197,3.3730747030905217,3.641795375059293,3.1210793775561823,3.008613107630569,2.173001279490927,-0.9381716109803024,-0.6198907596782415,1.3917539551386355,-0.11145785511488206,-0.7558548763877343,-0.8843967069299264,-0.29201721900914096,0.12784879238529326,-0.11848145681715089,-0.4390350483274057,0.8941489569725544
0.6224080790307294,0.16264626261336448,-0.5184584822808973,0.9543955236826873,2.700047332504023,2.7033036788001823,1.3545769554400178,0.35469555480725845,2.3950635278069857e-5,0.6758990514769894,1.0020878735611987,2.006582016757376,2.367332948034793,2.8882890612614607,2.4869227935707037,2.2014779047251367,2.183733816520729,1.651669321325163,1.402528003460178,0.8186615225897954,0.3664913086369424,0.48282542194817796,-0.0908341403032272,-1.5669193484558628,-2.029795098983192,-2.100823949156838,-1.6187258130282316,-1.7928560732675156,-1.8154331594768744,-1.8844819543713245,-1.9393776236744855,-1.4766088846039807,-0.9653438062543658,-1.2465574480445047,-0.8359379532846226,-1.0415957107535907,-0.4546176209259944,-0.3880602487983025,-0.5215392658177257,-1.1030565886822792,-1.0386371795209866,0.06003565200168995,-0.017403087363398073,-1.483923784850736,-0.00848677611251585,-0.07150730062517698,-0.9410468210899192,-0.4593428513612368,-0.0029813406167615106,1.9097656308255242,0.8303181197624772,1.535582763554767,1.4483653632623832,0.38104153057979845,1.2757408632300016,-0.49119991188374573,-0.5759843423874301,0.5448601516883411,1.2078093245932569,0.668967427503855,0.8941489569725544
0.0003772322593013243,-0.7930542643787871,-0.815283312786486,-0.8546698367860156,-0.4139365686946796,-0.043089649505191,0.17358230523788853,-0.25218430631737554,0.9406995215599223,0.9511549446437949,1.31387624381158,1.7798428331612919,1.7109683439415495,0.8344591225071792,0.01002455380391094,-0.3739902560658774,-0.3533227638588659,-0.5131385344221508,-0.22450692564162897,0.2313355580748069,0.32233212360134306,0.7776240113714713,0.7565366370994947,0.7120618739700595,0.9455551466925439,1.2183947540977405,1.1490893931426946,0.1910099020285309,-0.7131691576167632,-0.856726603043866,-0.5691638060222455,0.13090715809569836,0.04965233682210228,-0.3679528858841644,-1.1906246352970842,-0.3509802822206726,0.17001623494138624,-0.1319213241925878,-0.20276280362293164,-0.2600372562544032,-1.3717443302423038,-0.5105526667714154,0.8023306055021381,2.0167022983585157,1.6163799538835226,0.7839894286396584,0.17472081126002648,-0.6640342815055317,-1.1305717922948,-1.0356278434306097,-1.056678654792963,-0.8618316653472526,0.018927308137758708,-0.44422771031399033,-1.1037308591989905,-0.5075831116773365,-1.0771027954079404,-1.078505497027095,0.0594355992257086,-0.4199315573647977,0.8941489569725544
-0.3878702090141403,-0.6303188805256343,-0.42035536033413484,-0.6141348894164339,-0.011159163810288945,-0.32402883063996263,0.022543533647412285,-0.05282812689167907,0.2258497005444909,0.419699335529424,-0.14375222397224047,0.3577630160446043,0.1135339762872642,-0.5604038933889488,-1.1092874901558691,-0.9460331841887659,-0.9148458616312933,-0.9137042133641274,-1.1880196812896102,-1.6035360556943854,-2.2495461262845047,-1.7042342360107152,-0.9227017450813446,-0.39218232829553695,0.013598938333052736,0.18076201906785727,0.6473168860308529,0.8313209130033676,0.8585324999027977,1.4984890555906951,2.2488963401973754,2.379099884480032,1.8115418542430841,1.213624479181735,1.0532958653914841,1.145103736578428,1.3555795666737784,1.1637851039410825,1.277234455466455,1.8208405869943214,1.7696576249587317,1.0712350131711637,1.910573922113645,2.9064082215790865,2.054599534670283,1.9223143115685513,2.4491217251123456,2.2335239140616583,1.6054519221259769,1.49001148835907,0.8758977519981158,-0.03703312329380543,-0.7594795535637693,-0.11145785511488206,0.12079260029663139,0.1149784804791164,0.05876569810521629,-0.8699998173755712,-0.47431556890287013,-0.5536559941030533,0.8941489569725544
-0.9305816860630372,-0.8522307675981153,-0.7700049488110573,-0.08455374478760688,-0.8468779202003681,-0.3700006966438342,-0.8306648462945342,-0.6696207262198005,-1.3390273269954076,-0.8662397345985764,-1.4986403592250428,-0.6930313879334967,-0.9537597495994002,-1.1710664535760522,-0.8604447267347679,-1.1088061719087259,-1.2579568796510538,-0.964394256465253,-1.649751013832348,-1.5967022694233644,-1.2599072473616968,-1.919401010009981,-2.4183499251287106,-2.3337436601887642,-2.7380312591334204,-2.370462011476766,-1.5814961958476335,-0.9447396418443813,-0.49165961447009665,-0.13415027081896896,0.5239989883015845,0.7691570361603355,1.307288974505144,2.2183807872027432,2.3554752947042625,2.1301473028445024,1.984763735398471,1.699049779719692,1.7465018790801625,1.8805592879847424,1.3316395032807007,0.8530162831074685,0.31155894394483874,-0.3279438666878084,-0.3782980452154076,-0.4704274512477594,-0.38001111894785594,-0.06338237993456818,-0.44726885025548996,0.20229115299588146,0.8667818255509881,-1.0047967459698501,-0.7736324055947063,-0.4841600929378834,0.42692346517053664,0.3279600777957978,-0.42564880648127695,-0.6912806633885507,-0.06995862335091646,-0.03786173811263886,-1.1116446492091216
-0.4713642824062782,-0.7250012856765595,-1.0441905973289318,-0.7980733785814081,-0.5487871535898942,-0.9369870440249187,-1.376975296728172,-0.6663164801519714,-0.3204259691302601,-0.7624894364049343,-1.0598535223738192,-1.3186898226689405,-1.2623072130620365,-1.1585431002909652,-1.3783066938543571,-1.1071061929247057,-0.9805962108993973,-0.35268358595918964,-0.7120397588352118,-1.0382300691637985,-1.6234319670297561,-1.7199192905639324,-1.8398367992947866,-1.9658055375187176,-2.589727197043664,-2.2343507851299655,-1.2973101180357327,-0.298515468499065,0.6317392428829077,0.7781935830003462,0.24015512026809996,-1.0630812069529763,0.2628364750875485,0.24898710093973778,-0.5982020150708645,-0.22004019555408455,0.33879147546714206,0.999124366694552,1.656512351474934,1.3170002844634934,-0.22365082321883104,-0.2756396076318089,-0.4730651121685425,-0.9713064832102102,-0.9777174099700946,-0.9355745800010442,-0.24006738200904923,0.09265289058526317,-0.5541228082698676,-0.4451262531811914,-0.7376212291434925,0.974719754958423,2.1560079648092265,0.4342847074116559,1.9436627502276138,-0.7205647089940177,-1.0269909501058894,-0.45298845807252336,0.18882982180233382,0.38241506306473594,-1.1116446492091216
