1.5878514997529576,1.2879787817663912,-0.1972731068994127,-1.4727019582608518,-1.2636023593447852,-1.0634814969528912,0.7384769595687389,-0.469157479231943,1.6210154955915332,-1.327153780202934,0.6688331852649109,1.6582525423984527,-1.6308610125423948,-0.508193122314708,-1.390979008969277,-1.025826169406356,-1.7064028517994843,1.5627974738208403,3.216274254160039
1.495224966808116,0.08291753408315465,-1.0650885519810722,0.8892600285348641,1.209296306016191,-0.3905048099064141,-1.117234668238489,1.1030537526889699,-1.449891746303022,-1.488784699345685,-0.7248033625311703,-1.6809087658076827,-1.2502894670141105,1.2386239936820984,-1.0750581057190454,-0.6974337794852256,-1.166524447381771,-0.020035524005340127,-0.31019903974132296
1.3138298887409616,0.5423010458720525,0.5881165890157406,-0.01724331829346699,0.6354260175758272,-1.6732655769821656,-0.06144224390934975,-0.008716185220153615,-1.1010619314577619,-0.4411393053728712,0.7451519376860906,0.5121968190010602,-0.1393460014201202,1.072456056785197,-0.8564132263325684,-1.2654878124435358,0.05174794663500978,1.2901713673213646,-0.31019903974132296
0.43645970744931484,1.5646012961398452,0.21868451095744876,0.5543828195828933,-0.08419296044147925,1.4796414935899496,0.3967844855220261,0.5498381375423701,-0.8427947124634476,-1.1929918947833282,0.03355418494209175,-0.2970558354513194,0.6246286211464777,-0.4193768706384364,-0.4428822607173347,0.04413802602637544,0.43840961803913464,0.3644463011910145,3.216274254160039
-0.10821119592146156,1.4215842706094048,-1.188389766715793,1.3315910712117471,1.153096239069235,-1.1881564160339262,1.164358339583083,-1.386982780803273,0.12524892993000142,-1.7287332991257667,1.2735685572542814,-0.26491251753731787,-1.0552637022581612,1.052084889648474,1.2558037241883697,-0.630407609964359,0.15935953856531457,0.9947103324055984,-0.31019903974132296
-0.2858419672822518,-0.9085526809315583,-1.671166866344119,1.5217573439244343,1.3607593577918822,-0.25450438185776686,-0.9674989846329355,0.057114357951036365,-0.9789789315597006,-0.9812892346746384,0.42328609081908314,0.11936165505155738,1.156136850143024,-0.5093386038611922,0.09551896262816009,0.8690650443037926,-0.4720395156757755,0.6264647957896111,-0.31019903974132296
1.3762048650823917,-0.9156490443258534,-1.1849625085542899,0.6183500169070691,-1.0643098203856776,-0.038938851377957266,0.73426489035843,1.6777973011974576,0.032282230215762965,1.0932774727965549,0.22871122837078262,1.2558677314990356,0.40547178751013085,0.5904072346143563,0.11854926621852145,-0.35449577224949186,1.6371032821512213,-0.009594367965521213,-0.31019903974132296
1.1066693381496016,-0.7202646307445958,0.6711389231163364,1.7406973272356272,-1.033737469922586,-1.6710120024784179,-1.2882798378867428,-1.69113396159593,-0.6306611765103665,0.8213392835768139,0.157120025944102,0.39845573346060753,0.08987991310121234,-0.36512383823545685,0.4578087831092871,0.18995913068169842,1.416946408267046,0.17691264295378156,-0.31019903974132296
0.16864596154153252,-1.0391116491743206,-0.4836268923401452,-0.05667254414955613,1.4778839960447983,-0.38958457372558525,1.1241034000703498,0.8789046146841293,-0.36783357088574803,-1.528917915980186,0.786886813485886,0.33558966578836436,0.6871373340842656,-1.6728878891955794,-1.280733750876154,-1.703272314647563,-1.2495121106284817,-0.31181625759772924,-0.31019903974132296
1.080814483528659,-0.702990246279092,0.7450153679288066,-1.3828541911699002,-1.138723410282853,-1.3394466747125964,0.7126049347736626,1.6027881760783536,1.100162599890197,-1.4718866865411282,-0.07924272456559944,0.4098143011400527,-1.5086831727754828,-1.6975535312169505,0.3137613749032393,-0.31247206464321353,1.1422624499890892,0.26986020132329536,-0.31019903974132296
-1.243710354592672,1.5957229680169107,0.6719885954826943,0.42741662344346926,-0.21854664901115844,-0.8545397015046877,1.1887288899701058,-0.3904078310308514,1.6209149409910821,1.7053098302591179,1.5814401583781421,0.7272145152421415,0.8416862353435853,-0.0516153134174273,-0.027970174784264265,-0.7803580872228696,0.12466514550636068,-0.5624790663902974,-0.31019903974132296
0.2119452179120132,-0.698671336715401,-0.9907774533036212,1.5451822659279648,-1.1680598597071383,-1.4132007635388988,-0.7220389151925612,1.1482642848736715,1.0793001301196157,0.8969544440948295,1.5786776876886957,-0.3532189570884134,0.7089156097865,1.4281309217463567,0.7747504106457601,0.8571952253732834,-1.6778293258979458,0.6594042545812423,-0.31019903974132296
0.11991918227451383,-1.2474043159480774,-0.5141154367165008,-1.420088093690479,0.8115942489788457,-0.5562243316235462,-1.0817529635553458,0.6424141322651977,-1.3600494829119565,-1.1341794430998886,-0.4231476048331205,-0.03290319295864927,0.02800421209844154,1.1654123588394314,-1.2309827006860812,0.31234473598647905,-0.43759389495695,-1.0223492174567756,-0.31019903974132296
-1.6247334350292244,0.7965077912617556,-0.12445893034607229,0.47440279672353686,-1.2673799413221052,-0.4617772441778416,0.6750002661563854,-0.9071200449615482,0.7830770572053513,-0.38367760120935823,0.025643484534579652,0.7671042115091886,-0.5782052268445115,1.2492586704254642,1.005051646511308,0.58535878876221,0.38559791805379456,1.6329978543813515,-0.31019903974132296
0.32422003303864844,-1.5851871756578364,-1.4732359215277957,-0.986651305503537,0.31609894282664935,1.3265977524040447,-0.6713473992009337,-0.7529057944663118,0.1895629344659425,0.3869112275184122,0.5216448916488294,0.9285963628709138,0.748148181445458,-1.0367479232177932,1.1637220270118291,-0.6859697686721191,-0.7607909393697746,-0.3180595654322724,-0.31019903974132296
0.12297797237724815,-0.8367500620888464,-1.1633785088375266,0.5033812909872412,1.3682876212462298,-0.14343156739109347,-0.9196647149392713,0.9796985249265252,1.045578680722902,0.002960591844712104,0.09662897613805538,1.3364130041030327,-0.7638974102223883,-0.22357409249379304,-0.83999821549903,1.293848100982515,-0.4192283510908516,-1.5754331284370924,-0.31019903974132296
0.7150277389610641,0.86223179131211,1.7266320656144205,-1.4117929516287053,-1.5800008602010363,-1.6513690157225152,1.226176156788814,-1.011085119399251,-1.4099396155531814,-0.4061390381175988,-0.32182865597355675,1.2392661351652676,-0.5399492187332289,1.7268166586217286,-0.3291616184113271,-0.9825945144164208,0.8070682821690248,1.56187723494504,-0.31019903974132296
-1.4852558274924132,-0.4602789487317312,-0.877970065048318,-0.8910276387364899,1.188705212580969,0.9229219218411591,-0.6223546607728373,0.6004283104024437,-0.9559705614016327,1.409286814722717,0.9669529572202309,1.0145741885560025,1.4392687176115115,-1.4269220367831352,-1.0863303716420576,0.3104335791456792,0.07400408804851148,-0.5195730881509717,-0.31019903974132296
1.3567399251398868,0.6096233925570412,0.877838411619451,-0.0303833195242297,1.4845735323422555,-1.7117211437176145,-0.1311152426695908,-1.3083496833433423,0.8297853873550766,0.7245060031720966,-0.7387299829487303,1.3724147545126568,0.7394709550222968,0.026550089394678254,-0.46331984303106744,1.5425373206401018,0.15909954589618683,-0.03891802449233407,-0.31019903974132296
-0.33688087349482904,-1.0623160429113303,1.6347222409470283,1.1929057070270033,0.36640153853418866,-0.905771174914547,1.0381883477915193,-0.5047871205985421,-1.264995714217808,0.002470718271090961,-0.3110175187954478,1.293421366879472,0.0022153452413144793,0.34812983444330614,-1.679713847214716,1.3387450683333673,0.21379500927977443,-1.613700671438196,-0.31019903974132296
0.3205220216930863,-1.0113952737886038,0.7189811574047249,1.196973924521128,-1.6720221997652691,-1.2360835181412329,0.4516291980817758,1.258434377363928,1.5939968166544065,0.12674994092665026,0.3720757884646551,-0.7387556912087104,1.2594492531666002,-1.6847745998776082,-1.3716026726624704,-0.2746027990906825,1.1202400973546374,-0.33766652089531474,-0.31019903974132296
1.4262521966067594,1.2615867319982697,-0.031206217142903423,1.5815253288402584,-1.2019874958949146,1.5947147711554546,0.2834426286287614,-0.06945847789796278,1.1560045067546798,-1.220416184463324,0.9807969781717926,-0.7435790026611,-0.6597921536069938,0.35522987702033054,-0.2948911607531955,0.06751809707329261,1.0344325292485634,0.9348124683316089,-0.31019903974132296
0.053381264505209976,0.5632390910236951,-0.08524822714091243,1.0846093009773345,1.0545096099908153,1.6177249991354268,1.1183745484999967,-1.5393134088708424,-0.36285955657412966,-0.5202412177233257,-0.11535622668877236,-0.499133019657774,-1.2144833003429836,0.6803140312335044,-0.6336019744264101,0.4483563780727898,-0.3574645194592255,0.20189241808956168,-0.31019903974132296
-0.8328934178350721,0.8202887569857573,1.5298188901382028,1.389517848275353,-0.9457786854991497,1.6568137096111006,0.15940190551721795,-0.35931887006828017,-1.0223999836804654,1.3530141778908005,0.8384702450802775,1.3742295482843359,1.653944015076189,1.181731833566073,-0.2228663236944807,-0.1821562037634377,0.9240892958459219,-0.20803485722623313,-0.31019903974132296
-0.5083337403549039,-1.7297684968776719,-0.5537545991587629,-0.37432080845776206,-0.991849207354589,0.1457686507955716,0.3326347182735711,0.6761377160387686,0.7996194497964526,-1.6432936271919125,-1.0510082276146464,-0.3561825849871263,1.0735834621138172,-0.843284060839811,0.6655909429544892,1.1331746026681468,1.2778000376867702,1.5793010398674858,-0.31019903974132296
-0.703333514909251,1.5569141329737237,1.0465368650730378,1.0795824778754712,0.4460425721558138,-0.9895784125437437,-0.2082498853414583,0.2067612417555108,1.045959466768173,-1.4115049505515078,1.2459758130611345,1.701715729042045,-1.4903111616569484,-0.3258667452331827,0.6292478261282115,-1.0909242871345668,1.388111541377976,-0.5040333124316403,-0.31019903974132296
-0.44182923165439164,1.4728270125708767,1.6276191994612654,-0.1680299514897333,-0.1065708934891083,-0.16414639508291085,1.072363696266136,-0.5355924524425533,-0.31338787560935916,-0.30765803919149987,0.4447570897202622,-0.4396186928463348,-0.8203496253763665,-1.166004711022709,-0.7349836005792127,-0.9073712024387528,-0.3121800327697229,-0.7865074412661851,-0.31019903974132296
-0.37688048499924565,-1.6344109259824335,-0.5330530053928233,0.26846981706229317,0.06060509247513182,0.7852085429434509,1.7291373645941697,-0.5011017260277044,0.7362250165608012,-1.0445077019548241,-0.5806773139156852,-1.6591999469248357,1.3467178385218874,0.6019184580338631,-0.434625578495675,0.026530585771107954,0.37829938460006995,1.5935260438145875,-0.31019903974132296
1.3068697113543954,-0.8131355034776001,-0.17987764678017473,-1.7070415972237838,0.7906283913175757,0.2768328116158798,-1.6351585576354997,-0.49284791950513934,0.2312900552947624,-0.816715168935098,-1.593078559489014,-1.3246266637287105,1.082345985748652,0.23103950334962653,0.15230360848833363,-0.45943737680170066,0.14161400406258798,-1.2579859723718103,-0.31019903974132296
-0.8258684010608175,-1.5881479006210488,1.3366537185202914,-0.44114571055870566,-1.0481976306629028,-1.1317051578908632,1.4139317398849782,1.1845859385011213,0.5621029175622866,0.495702298334411,0.6148287042433683,0.8166294603489683,-0.9812630521633406,-0.2895967045422449,-0.8336045696575782,1.3218036839520186,-1.4043429236237241,1.6962626457076002,-0.31019903974132296
-0.6287771800472234,0.17307950448001932,-0.5653580651523984,0.718358443526604,-0.19004525884010456,-1.7514710224813725,0.09883188600029467,-0.8778012486033162,-1.3982675051870497,-0.7476507801126185,1.6889931629842676,1.2587629155507734,-0.9553041241867571,0.2915377310248914,-0.9888796384359497,-0.008574279471090799,-0.5568272341090996,0.18677504741784656,-0.31019903974132296
-0.12979487590530908,-1.4825809055329553,0.10328034809358427,-1.0714888407586514,0.45256814335793366,0.7281883990176381,1.3531886091875993,0.7392641005318658,0.9157555037036865,1.490179114705309,-0.9206166932653507,-0.12425590808985924,-0.5961760820488636,0.8319387078373258,0.845779402020883,-1.0643904428137416,-0.4081280824114606,0.8048768932554557,-0.31019903974132296
0.141351303246706,-0.19317065942529116,1.206904440589683,-1.1005766979612222,-1.6406815179218632,0.0823881166283714,0.916824064742848,-1.170338160919479,1.0339470268182376,1.4235443915389479,-0.5108376429804479,1.0333828152584559,0.8989825468426871,-0.5924380541596904,1.0938369654206208,-0.40063477710893386,-0.5102063981832092,0.7573532563647418,-0.31019903974132296
-1.6537830283265513,0.9773656527699358,1.2876077093010678,0.7351263012690854,1.674694470779969,-0.2957390452737782,0.7709464471336138,-1.1261867866731365,-0.7747179155956884,0.8758592251765478,-0.1976563822104082,0.6887524770850968,1.1251109615645425,1.715412028266503,-1.345168012314878,-0.48282804444033695,-1.019208749870697,0.13929480813142703,-0.31019903974132296
1.2326714206491263,-1.3309735313258217,0.14354348503653383,-1.0518114219694934,-0.18194739881145183,-1.39703305267706,0.11681966159491498,-1.4659799920458436,0.517872914236058,0.586609158777074,-0.761637187579443,-0.24656912814827994,-0.10879716213770466,-0.35656166881392176,1.1905868379029123,1.5596864192752438,-1.577170049212302,-0.6246336138269746,-0.31019903974132296
1.245454820749661,-1.7134292760733918,0.19590042899503413,-1.2557081532943426,-1.678809380582686,0.9997697088327817,0.9358981422240411,-0.07758989520278739,0.8904180805678011,-1.7552930357532088,0.13421672654481848,1.5769910437803323,0.25714629640531644,-1.1579250894969808,-0.6603204216970578,-0.5877923790695234,0.5131643728076368,-1.396345059121976,-0.31019903974132296
-1.32114123160641,-1.1726749969297934,0.4103305044004066,0.717778204882506,-1.6275674331586059,-0.1083696592869346,1.5684750749283833,1.6442245124305164,-0.6397800201996018,1.4435269535180506,0.5716218140562088,0.15053227059119173,-0.6843534442245575,1.2893662913056834,-0.3313412533669717,-0.8202764585374891,1.3149811263037994,-0.9795061669127125,-0.31019903974132296
-0.05879138289027983,1.5486331745091781,0.9488284187583257,1.5905710305922496,-1.107535965163416,-1.3640686801440853,0.8915028988877952,0.08167781122735002,1.2990577931360565,-1.1004375162925069,1.162242934549731,-1.339529132482063,0.17244123121847219,-0.37624394813048995,-1.0534690687716108,1.2482908932015646,-0.1297634518651925,0.5404892325310228,-0.31019903974132296
1.6455201574653884,1.678162985413,-1.3788151087299616,-1.2986604316769144,1.4719722769348549,-0.9431407720044239,0.28365381032296083,0.8668044787470622,-0.8731800444079268,-0.7461574573505305,1.5466545410125156,-1.3392950236144905,-0.30671745598995737,0.8277603127090336,-1.6090222646841095,-1.032697383842458,-1.2509959203444307,1.1330806451161304,3.216274254160039
-0.9893092321598679,1.4043711530643068,1.226504723520688,1.145645884080036,-1.5088949242027991,-0.18087945256110693,1.4621366521673713,-0.8685710350454321,-1.547202388641693,-1.1562988060774777,-1.1119803717995302,1.0498953347818616,0.7170186605988594,1.0721752090360621,-1.2542664724061516,-1.6914195273012855,-0.4765779291268137,0.28113433556583417,-0.31019903974132296
-1.1932985889909138,0.25076077012926806,0.5516580934808942,0.47256697199771835,0.8802187678769365,1.1640857863512153,-0.46376011014390245,0.3673238503988951,1.1777539069827379,-1.1786293011940572,1.6040647564042905,-0.10862510254554265,-1.303802374234546,1.1417116887345893,0.9440904467098937,1.4140017345424734,-0.9733654904865376,0.10763273343007682,-0.31019903974132296
-1.2558661571029557,0.7772636567227759,0.8184049195809061,-1.2316996934902622,0.0018443483008583877,-0.15642155869397448,-0.15184351750433303,-0.5580706199670984,-0.15301693971839783,1.4047962052892655,-1.353188162705073,-1.0125087238818318,1.0424954497891619,0.5755975245862578,1.1336440905508873,0.17191014636357824,1.3778096215204148,1.621970589612507,-0.31019903974132296
0.7074059295053027,1.1501455349510787,-0.13632915340861415,-0.8960372524067591,0.8667973290214371,-1.407856973549309,-0.9740877086606066,0.02819887834395182,-0.2833074585469716,0.21289369884740714,1.631425264862188,-0.7305981680099111,0.12303844744409345,0.6360521791994087,1.2064344205963933,-1.7050177479916613,0.7327873808048893,-0.8634647594705063,-0.31019903974132296
0.45128995665897237,1.5305915821382508,1.579749970752237,-0.6823290049483641,0.1356487395590912,1.00568046641804,1.2457388873682655,-0.705372874655933,0.25637068185023504,-0.34938010127576746,-1.4688633258338355,0.18517336439221055,-0.4434287928203213,1.210059024706821,0.5822096638357893,1.197053666258438,1.2351194057949417,1.0208970241193922,-0.31019903974132296
-0.33760849974688223,-1.112700103296574,1.4370503005224082,1.7351106689529003,-1.4147990574070706,1.3536118761274718,1.6438526109004248,0.14601358514087712,-0.48770236886230617,0.9389536990519058,-0.25891786606779243,0.619251736226301,-1.4632106529608864,0.7618531176850076,-0.9317993720144888,-0.2177343960499208,0.47354837811742007,0.40197523867236845,-0.31019903974132296
0.5780279731303298,-0.49828303456672574,0.8779066012980956,-0.6342396391698852,-1.6602853283765107,0.9663881452144667,-1.0351181593554926,0.46914114524605327,1.3060698590070683,0.9279702359992467,0.3976819571036655,-0.4149694122600539,-0.45924058233957366,-1.3831162522600358,-1.713546120753334,-0.7855386724827084,-1.0047481082287109,-0.20746842369271407,-0.31019903974132296
-0.030133847150719505,0.14554256129461718,0.7441922473053992,0.7692913631583042,-0.8338700811589438,0.20900613433961635,1.287680921807456,0.3233066891918312,0.9189044351293288,1.0016146561321149,1.5318953320856374,-0.41931178002972447,-1.3821242743299025,-0.9596305013154862,-0.789922171009879,0.22906164062264514,-0.4691104096249177,-0.7613117633358893,-0.31019903974132296
-1.157294984946075,-0.022617369036095552,1.228374405344587,0.22170863938978494,-0.372267944272199,-0.66005353009163,-0.035457226000008536,0.5411796368755293,-1.282957613839948,0.19875809412891748,-1.1496386237402685,-0.6050883519737069,-0.40348686298422354,1.1204431841510851,0.08928478466669135,-1.4746211538514675,0.006984708257381828,-0.2720122916830644,-0.31019903974132296
-1.3280706332515475,0.2513145108685047,-1.376645293958704,0.7874721132376482,-0.301441556429346,1.3974500057018748,1.4806671047172608,1.021399039273261,0.9348014568961915,1.541824165566719,0.009898286723775176,0.7963243350704677,0.7754622604899511,0.5350314923405675,1.4726991684849575,-1.1450741723979871,0.003920065505857785,1.4548960005417542,-0.31019903974132296
0.257532839796378,1.3613732409940318,-0.9787135996947949,-1.0031924221895718,0.9820484762723886,0.4028605299329186,-1.3263943123136424,0.798072434333594,1.1890836827628388,-0.021865406295219342,-0.916338555834837,1.6409617263305425,-1.1389926593626036,1.675162421084934,0.40441129944912735,-1.5253723949057694,0.8296895588674598,1.0117247641750218,-0.31019903974132296
1.0289955428945647,-1.608136999558082,0.5430186445639938,0.3563383707265761,-1.572122964102887,1.299645193912678,1.6738991784721842,0.266994218694109,0.4995664554113944,-0.6020699582938555,1.0651230050198204,-1.2168818280806069,0.9749858626866772,0.8606683689111976,0.3052938813864958,0.6741214269661407,-0.9441727697316156,-0.675325319700823,-0.31019903974132296
-0.2533335325257633,-1.701178346821454,-0.45124473207720556,-0.5903742022055766,0.3351666746057025,0.924124688690838,0.2543345250344961,-1.176477063015731,0.3915534434007494,0.5053645221972676,0.9954164844476618,1.677658085372425,1.2476352883481105,0.06464440641427202,-1.4576824260346752,1.1801821318280514,-0.2817306908737048,0.6537999583373346,-0.31019903974132296
-0.42696205087491734,1.7127615627892692,-1.1165304584052165,1.6976503222420096,-1.530420367025268,-0.780936571751963,0.43841080016130296,-0.6240163571184839,0.17245751042359647,-0.7853981454894166,-0.8030491512376767,0.8510155701222069,0.9531214997485918,-1.0219858218310955,0.3346591445064055,0.8455815194451165,-1.3860990790441317,0.5885325025572877,-0.31019903974132296
-0.2998457415440467,-1.4233229318556475,-0.8142292968469815,0.008999106517283374,-1.6825452827988845,1.2638269764773238,-0.572152338572162,1.2060965934348729,1.634053413230981,1.1806848075639873,-0.7859092111326462,0.9514441983096547,-0.30472727955816803,0.3952812730718576,-0.6244300272137104,-0.8330588340940516,-1.6257171736395584,0.6883610267124343,-0.31019903974132296
1.0104010753043267,-1.465067767873991,-1.0903283667177979,0.11528299838724117,-0.06587556948831379,-1.6317130104862225,-0.014781765956338394,1.0935140628557833,-1.313220008492112,0.7425962952721992,0.22592565890932884,0.2998794564707553,0.5854832858311902,0.1744283272151013,0.14955086390533906,0.9072477207211086,0.559958706968509,0.4683325905887174,-0.31019903974132296
0.45387025218653587,-1.7406743440671018,0.2955321088962922,0.9063162402453072,-0.6326139788707618,-0.4884632718141937,-1.351728336050871,0.6622741530006259,-1.4395306912088035,1.0673896682822908,1.2124206077904356,0.3052541684511818,-1.3760280820076862,1.1247041546399232,1.1933181668776442,0.3443464817749512,0.09507265862954,-0.3994359340356529,-0.31019903974132296
-0.557617475255391,-1.0471536842315954,-0.09699482631125551,-0.6964215982400072,0.8754889345645496,-1.7067713763514967,0.12937999508828157,0.10631560114662565,-0.20787478809969046,0.868074722136236,-1.5709506902943622,-0.4841760957811293,0.4729198016472341,0.12223950509746051,1.3643035331157363,-0.4985966778082067,0.8472980623022741,-1.2370834688853083,-0.31019903974132296
-0.9010044428506101,1.3986377251266882,0.691625616035343,-0.6050832541357606,0.9871301584862218,0.4902396295208789,-1.032866296512423,-0.2400451369289289,0.7170619691856955,0.9431378885731982,-1.505636804089864,0.23472526704092606,0.9646428291735641,0.9551076317566198,-1.556712428828751,-0.6994905163726712,1.359867121104042,1.4966611591921533,-0.31019903974132296
0.20393425520230354,0.18568943446155753,1.4929702947281311,0.8328271600147902,0.5093611013499448,-0.8810865562238265,1.5407307100605507,-1.192788760268647,-0.7023656730285304,0.41796837969162515,1.1866192808206395,0.2935534946413934,0.7020374838961679,-1.373035929522438,0.041887751604745165,1.230061225853628,0.9699411243077136,1.2395930823158854,-0.31019903974132296
1.1825402307153328,0.38302864826579497,1.175291861206512,-0.16261768715014976,1.6514105604738964,-0.7714853897567099,1.3093066194810479,-1.3505145783642123,-0.24918912421417946,0.21629343143484842,1.6017914812445575,0.25524476502797816,-1.7158474781001725,-0.9988928802291763,-0.3363577554147596,0.09654433245044108,-0.8405961340436707,-1.0762534594670772,3.216274254160039
1.4634310776262835,0.41914983516522963,0.015047487909854508,-0.6616403617476392,-1.202085984951964,-0.2538272498801516,-1.3235710385017951,1.395085600675519,1.0735676233503029,-0.1678536897714866,0.5077048645315171,-1.6209648725818961,-0.5623790060879647,-0.0814729356289316,-0.9006034609480227,1.5949260932746132,-1.387197779643483,-0.2027517989657926,-0.31019903974132296
1.062374223579768,1.182812388031339,-1.451052333620418,0.3354018241118331,1.2721852117680479,-0.5360140283893748,-0.33270367231350917,-1.080330114603911,0.14944941947749865,0.7753877651882991,-1.6890986885087427,0.5885972795119785,-0.9471764187981307,1.2316257053126793,-1.565781067579675,-0.6019369947038749,-0.8337080889287454,0.23901946182599587,-0.31019903974132296
1.5755110947396291,1.6746810710964763,1.2547065143430238,0.42262839843943867,0.3858146330851478,-0.5303228537808489,1.1954177407546236,-1.399245187313726,-0.9011884624048239,1.549779991518747,0.2885918939795545,1.0105201225276776,0.1088042998666945,-1.0975279091829417,0.12413917949016097,-1.4595365034075873,0.7980431142913786,0.1214690169227662,3.216274254160039
-0.717119223068245,-1.2029573641645837,-1.0783514233416929,-0.8596659023001493,-0.9971869144289698,1.2371863698653212,0.15200056249035596,-0.44114527220766675,-1.1547931733320216,0.2808121369777328,-1.4213840414000491,1.3867531254721341,1.7114661161566753,-0.3156374616529651,-0.7200486203953123,-0.17516384736933113,1.5289421894346764,0.25328863226093606,-0.31019903974132296
-1.301885955415291,0.6718404993951648,-0.31774999041685353,1.2703068599306528,1.3314774787578416,0.16597784004426033,-0.400674041037519,0.6671322492007308,0.5236966579195143,1.2287160006102331,1.666047438703086,1.2661325399987287,0.65197768075061,1.3350704756252272,-1.0920572846538477,-0.26681023167197027,-1.2538654276308354,0.093944718332755,-0.31019903974132296
0.2435035912067783,1.5614902878159256,-0.2795044948007517,-0.27048397352547937,0.6813304469523505,-1.0367382338788924,-0.4827352175826592,1.2203041549338633,0.10520486489341777,-0.774324998850134,-1.4357354000509819,1.5254455667080136,0.4910256433091858,-1.2408903356258805,1.5573389251216283,-1.3119390365863572,0.17954499904523658,1.7062916172643634,3.216274254160039
-0.9838097450315809,-0.6356666245720509,0.41878313065811235,-1.6864671958113497,-0.12151044417500555,-0.4203787483071512,1.3627856993698342,-1.0150762172997894,0.5120489787941768,-1.1388887705672608,-1.0569967815104944,-1.3142605145656199,-0.6905587206681839,-1.699751130244757,-1.2855993598164224,-1.4010722340243207,0.7107712569906204,-1.176669366583619,-0.31019903974132296
0.6567444717330626,-0.6126141693724733,1.6658110973444844,-1.1705700550617306,1.3917367125337208,1.0664819848207652,-1.4192286023781377,-0.29073294215763545,0.7944387320982419,0.6069594366955446,1.6414651763342658,0.5990636839299983,1.2030318265673272,0.5240979381468998,0.2520669414126545,-0.29249907334551223,-1.3831109217682716,0.06291342518784061,-0.31019903974132296
0.0294035087490725,-0.40522425117560146,-0.43695134286148396,1.3651227352097441,-0.6081242571295774,-0.6280539299115858,-0.04303739615997534,-0.9720217012178248,-0.07129323821390458,-1.6012611202452416,-0.13867901673105504,1.1886569276504677,0.3527677298938345,0.38257743393171073,-0.909814363771577,-1.6811713331164333,-1.2770014104788305,-1.578852052908386,-0.31019903974132296
-1.6336967684448058,-1.1835815461844317,0.7884484870894961,1.3790626862437083,-0.84059779254658,-1.309015032776067,-0.2199411253390539,0.2367606334895611,1.2771190280925486,-1.5460196043422703,-1.2254365076333495,1.1715956132550653,-1.6921509048552879,0.6451330178453404,-0.5334044340653956,-1.5487270945557219,-0.5402352030525551,0.06335429211178933,-0.31019903974132296
0.6467493581379299,-1.3425056232894765,0.7678892734163978,0.32246834540433145,-0.08679093464874549,0.4013311687787479,-1.105900354989683,-0.1770231181662207,1.6215912278994042,-0.7951604120347562,-1.655811005601649,-1.3217662416036635,0.1796404629601566,-0.11374727365238278,0.7159738445052638,-1.5553127016248314,1.4657690613549597,-0.4272152898660703,-0.31019903974132296
-0.1839194491167712,-1.0714758832684788,1.631671086953973,1.1440032849001418,-1.026457055698935,1.2144864050747968,0.9309914358934293,0.8096278631833184,0.3819594758216627,-0.3421063163080341,0.1325707824117264,-0.7923603818260857,-1.439919683414223,-1.4523997711406218,0.5316650092398155,-0.4542212123736945,-0.048939866998755605,-0.148175785091185,-0.31019903974132296
-0.21119885887441256,-1.5237489636080188,-0.33546789886195677,0.1452393595113925,-1.7574061390480549,0.49275103974161394,1.2920756691635467,-0.9307529921659213,1.0257318201435865,-1.4561061280775072,1.7119321276675294,-1.4036735214961953,-0.024810513706670992,-0.8948361498007578,0.5752951056892888,-1.4674140361604355,-0.609342154450799,-1.3052190457141193,-0.31019903974132296
1.131625616755208,-1.141656350400245,0.7521780134195954,0.34400447200454687,-0.32188066177929736,0.8924327880518205,0.48214107556044816,0.8538454218893538,0.6455983504085553,0.989899652553147,-1.017520499715066,1.4892232476141423,1.138398339540764,-0.9049704458605756,-0.03136523064493953,0.058166220010207874,1.5463736948395965,-1.5182251925113328,-0.31019903974132296
-0.3503696478724876,-1.222129881105821,-1.5655912490229547,0.1466809774652724,-1.4608599681385646,-1.5897181532036138,1.6420598434948217,-1.6239824927213646,-0.6853108019413726,0.2865105477779305,1.156651350851648,-1.5919039656796699,-0.13880995809743835,0.37250429081029873,1.464972119099745,0.397398970098466,-1.5190820374151555,-1.1290828976673768,-0.31019903974132296
0.00841883865782929,0.05641615988362036,-1.649710238262841,-1.579462800171469,1.0441818140070271,0.820988219084433,1.4396388188276632,-1.5946958890031588,-0.763612904762342,0.5297527875828478,-1.2179776920663459,1.0825170129191257,-0.07115247762576128,1.7094365269327503,0.7482545242023256,-0.5418975064344553,1.6727025417782362,-0.16638551856918876,-0.31019903974132296
0.6835748304170703,-0.7830398279732608,-0.8252646122297705,0.24558814650918673,1.7145391840437776,1.0716346706221416,0.5879309194657147,0.7629985934582666,0.8920102550476113,0.26363579702407136,0.20862408648263758,1.4168832644185567,1.1446136397085396,-0.6482564321442915,0.616360650254301,-1.2846801114736726,-0.33547391682101396,0.6290046259909373,-0.31019903974132296
1.0150406839856154,0.2787758637600039,-0.6184686129416475,-0.061397215268317554,-1.4144582356352917,0.3134668905022564,-0.18624369050317066,-0.6580672630708873,0.6070407240774998,1.6527289419665865,-0.046501693049624385,0.9235535150358636,-1.3227642238759332,0.8798967144117508,-1.5318854445184318,0.18779366268746006,1.072997235201797,-0.10506790698839517,-0.31019903974132296
0.46979991558745426,0.5636760203247522,0.8610671429497299,1.4642790492849769,-0.0510843087790866,-1.4572861033514206,-0.7698715942341998,0.7819262025886976,-0.9106339211800029,0.22592274815301777,-0.558594879213477,-0.04141000710790693,0.023154511498612067,-1.089564186917864,0.13611059997518385,0.27657636048528117,-0.5643231650957932,1.708686343441641,-0.31019903974132296
-0.3789954145386301,1.343848461806934,-1.6033682694518712,-0.46602615947309045,-0.518847044320054,0.07233792182755783,-1.5496129697001426,0.29989995949721826,-1.2221947420844848,-1.604753884375255,0.5840044584361814,-0.524614627399965,-0.6654941943675879,-1.6151597799685835,-1.6255279779928904,-0.5715825906287166,0.2628774405892051,0.9087960444830424,-0.31019903974132296
-0.8808498837618339,1.3594431202533077,0.3972996550744684,-0.2652823249095292,0.6036177907437875,1.1998937525536963,-0.955266545959492,1.503072985096137,-0.5040433697058405,-1.747905788408429,-1.610749938088335,0.6641036250979018,1.024863246137533,-1.6956230662847183,-1.269420375124341,-1.1264843489648262,1.0467722331536058,1.1909785116535625,-0.31019903974132296
-0.010557842398741604,-0.9365038430356173,0.49227496252069847,0.1681348994630196,-1.5299907980543417,1.2327832375077148,-0.1006281065786893,-1.5224025275222337,-0.3802485837424685,-0.5580177774623345,-0.5549699272431208,-0.6624154715834101,0.912888181226184,-1.483388785329257,-1.7283174629326,0.828106011378627,0.5863720312141777,-1.6921922672948562,-0.31019903974132296
-0.39456526941002795,-1.3720490741774904,0.31569067070428647,-0.8196035557004787,1.4557636142431647,0.5709078135997007,0.44985770960361526,-0.7853936262532666,0.8133270067410352,0.5607778042978323,-0.6675306030254613,-1.4698820925199019,1.1773114410569072,1.7529675645580118,0.8124248274157557,-1.1195316744591297,1.4017618296382104,0.4424110990712283,-0.31019903974132296
-0.238283649566547,1.6998100958057782,1.290836124313341,1.4339575260828987,-0.6145114173614152,-0.5177718674266698,-0.4372779974682415,-1.5583230646438404,-0.5379017389712559,-0.8619264824260953,0.7999161580011103,-1.1443034062128226,-0.8126543342227597,1.3735414454664516,-0.6745880985532388,1.368549838715611,1.299846783976829,0.3997199429917148,-0.31019903974132296
-0.23141033509451886,1.166639662420311,0.28415546254653307,1.2151503507256616,-1.3671273732794715,0.05019379364271881,0.4163304907457956,0.23015844874668265,-1.5203628213399976,1.4307039556157464,-0.23607758467856704,0.8036192939067125,0.5758728730892969,1.2536252000815835,-1.584836626350512,1.2720833444499213,-0.9237408294795929,-1.6552281223858596,-0.31019903974132296
1.3344554946827012,-0.5832316632369837,-0.7811534897842296,-1.2074518935242284,0.37008113870528886,0.35616734247029636,1.535840934400977,-1.379515071357565,0.5325412982292888,0.4523228680568084,9.584833696754751e-5,-0.7283326423118631,1.1717329134826713,-1.5391966419939087,0.23318479770649858,-1.2805278738640276,0.7775215895351181,-1.6263618808316669,-0.31019903974132296
-0.3129653205737838,0.4300602456712379,-0.48936195508309704,0.6904375649432559,-1.018633676897786,1.073821507989759,-0.16756885931296595,-0.9702182104105587,0.2810460160355989,-0.8786466365254887,0.17911033532679807,-0.4487921726787896,-1.539253483449064,1.5028216085408779,0.575261719911951,1.1162988214762424,-0.6846203704502667,-1.291898435436695,-0.31019903974132296
0.261818087075645,-0.37315970469119675,-0.16489034775634182,1.532354795711914,1.5814448134263284,-0.3578114104125896,1.5871303834397386,0.9087625292965373,0.9800997579889665,-0.33085948944825466,-1.0949794113508564,-0.31449361863714254,-1.6566978128780663,1.4305102447336564,-0.5724806340372166,0.10364282488575899,-1.0501998567134943,-1.0218824914448397,-0.31019903974132296
-1.0273519831795517,-0.1761285242130383,-0.660495047985056,-1.6639155767960727,0.6615268365991334,1.7044325407978222,0.5357632847929384,0.3659111647957666,-0.7545591574696179,0.3366869261632103,-0.35872754086446623,0.02905840188219419,-0.4263779741576656,-0.7205389878186541,0.38513019196251513,-1.4873618662476775,-1.458601383643,1.6558902786590906,-0.31019903974132296
1.134635457127453,1.3117365693109921,-0.9453151943140002,1.0985451583790375,1.505598325808118,0.8278003698562406,0.9873600311010047,1.6830254390583923,-0.32970542447481777,-1.2414171858805547,1.0564894254595194,1.7463108010899036,-1.4171122445075042,1.5136430777500283,-0.9919168826734611,0.6129487574974379,0.12474539271054264,-1.685225539740884,-0.31019903974132296
1.045610163596886,-0.49377167064539146,-1.3046129223130378,0.30213222230641246,-0.6369891522409965,1.6275279939018858,1.2865049305863285,0.29070201986201544,1.5987754809871995,-1.012598213134234,1.461164680963067,-0.3817973205181427,0.8184360827906687,1.1886902910315356,-0.17744698276926643,-0.1193042422353698,0.7843904542785142,-0.8809757147894484,-0.31019903974132296
1.524289066387931,-1.0876828747497456,-0.3419032116965925,0.22929337493177762,0.4736068846485831,1.3035534837642178,1.2784844787477891,-0.15728367535919788,1.6036001056013063,0.032526598635558054,1.1104033689754378,0.016165842989848966,0.9487910251478378,1.34992753951097,-1.110335586420208,0.8784605898714418,-0.0716697022887967,0.29970717384438067,-0.31019903974132296
-0.19982967033764257,-0.6909336328966382,1.4279552244529508,0.8441828554607786,0.696704507055274,0.12534279773294635,-0.5636112454236164,0.748732768946712,-0.21722659488412172,0.013989503193520348,-1.3317303779743297,0.7036638777257966,1.713009112838266,1.1769345533721771,-0.3563326196716813,0.24103554452623235,0.2905116561596715,-0.15113566991357258,-0.31019903974132296
-0.5220663609247914,-0.3811698158208607,-1.0136745761794927,1.295233838660658,-0.8043437341523693,-1.513057275761903,1.2114261058501914,-0.1342126305607736,-0.134850986135451,0.12955208433050863,-1.6314738403770455,-1.2741009294566685,1.0056734664550466,-0.9593268602800986,1.0727790033249505,-0.3297063829493095,-0.19891205344878193,-0.8228266422262218,-0.31019903974132296
0.282704609836321,0.027730124942964937,-0.939094523346641,0.21573615106454389,0.6434605130109148,-1.4901010982915255,-0.8172780752955437,-0.8163472905512171,1.3763502239050471,0.12228088871483261,0.05848837445102175,-1.2498803514231274,0.5781231351862195,1.5836905585088088,0.3365960426540112,1.668815037438716,-1.0645770545096804,1.4181982287953057,-0.31019903974132296
-0.49199523299746045,1.3164997450741251,0.03502636505791945,-1.3360714802359717,-0.2893797904217313,-0.9552421539099823,0.20455841300172378,-0.055445541791920044,1.648286744580501,-1.7581358103038585,0.4889468821654928,-0.1480935712490335,-0.8816514164545504,0.4522561238379349,0.48827087912987216,0.9232521589646945,1.5509973880994923,0.42541364051113134,-0.31019903974132296
0.01602204355607,-0.5005470440119008,1.534706364701169,-1.194579292151485,0.25798018280685,-0.7223380734661448,1.441978186734842,0.898013522581401,-1.6024613941507466,0.34567843571144036,-0.6146618273291364,1.2141361798627013,-0.39465432618305707,0.38772205647444685,1.476806421289605,1.6431241869839834,-0.938581266029774,0.6778983041778298,-0.31019903974132296
-0.2223383322483382,-0.8705045987912567,0.9274912127627856,-0.9911966595564717,1.5909660186123962,-0.1365256627764269,-0.7235658027624137,-1.1316929346228106,0.29247780983688265,-1.6825965968612622,-0.21318355530316174,-0.8259483322103555,0.519860430530309,1.100783397828472,-0.30158466416003366,-0.9065427487892656,0.3997855770018353,1.1540206991154827,-0.31019903974132296
-0.8390068077149341,0.8379289024527607,0.567000430494838,1.74080583434326,-1.2385360148645754,-1.0721526859434274,-1.3068217736652101,1.0033738418549318,-0.5499115205539672,-1.4619124429854213,1.080203068310823,0.40542834017193546,-1.523799864453377,0.9114833731155932,0.3174535966784302,1.4779349515783304,0.6628413727210095,-1.1283764612566671,-0.31019903974132296
0.6987282900386028,-1.1643329606956407,-0.5623291467502193,-1.6549590232917895,-0.7602205113545529,-0.20168217928060855,-0.4219784364702753,-1.3914808618734005,-0.5790040386780515,0.043143503476545095,0.9888666042247677,-0.15409293427461299,-0.7173164022351937,0.4213628299036568,0.44385996269288713,-1.2853152375316905,-0.37300554129079505,0.25414437551455943,-0.31019903974132296
1.4196500220931108,1.3679825083682546,1.0874394714626416,0.9300592601143116,0.63989197607447,-0.842628290836601,-0.11975221022113716,-0.7387206065820583,0.44031624115705076,-0.8291541926257467,0.9253101019364456,0.8406550977888163,1.0038098908427862,-1.1235947699641293,-0.5932757849500089,0.5805980030868779,-0.8908626531465261,-1.4414507311351772,3.216274254160039
-1.1916704070796715,1.450357238629581,-1.6005021557763919,-0.8825760661177602,-1.1789968107218387,-0.9961024426397576,0.31381108223580306,1.3867536694793623,1.4308536753670476,-1.2844049881590835,0.16037511852962053,1.128580921973549,-1.0288280725249606,-0.311487905913918,0.2661417007772503,1.0036151715655328,-0.08679390220297416,-1.538944678753158,-0.31019903974132296
-1.5201779202271402,0.5914929418598455,1.6088796561511192,-0.15014262194261954,-1.1113070628516872,1.1600234966897351,-1.0926502973264236,0.3929271161424033,1.2294286696454944,-1.3681354364529228,1.3626722674634544,0.5015995461166982,-1.032265966440967,0.6620269771294243,1.0834770590007121,0.8382432934830361,-0.6050831345199588,1.2036843952266854,-0.31019903974132296
-1.0010412902911472,0.027639466521130456,-0.5161040134183555,0.9275036047241915,0.7773926354190055,-0.3279682109776845,1.1011156134309121,-1.1055232038697154,0.549400376307544,-1.519568275179279,0.3174629954994668,0.4951962251469662,-0.8719708979205859,1.4695912723282187,0.6994516829206147,-0.9390052980546774,-1.0970404989637044,0.7941826040718694,-0.31019903974132296
1.124767430649803,-1.5480281863627143,1.5244629987520526,-0.714367249590641,-0.5446206986800287,-0.6721201748886096,-1.0890711511187932,0.8935141216336882,-1.2492603259737234,-1.3012752354535686,-1.2046765680050708,1.6059421453074925,-0.35271443962076154,-0.4662613902711104,0.6114497696367773,0.15244462034395584,0.7437274459221196,0.4630436620524148,-0.31019903974132296
0.49539894794564876,0.5281005813818311,0.8460860415250653,1.4011865856578485,-0.29059150804966366,-0.2894571399765061,1.6220529166064055,-1.1168059008684459,-0.3862650532203932,0.31134792047591425,1.7354464018327094,-1.5336303020527198,1.650205945598848,1.296167835104788,-0.4244978415569173,0.06591646671690674,1.146215156593466,1.1724384130259349,-0.31019903974132296
0.19742449901258685,0.48699596994340255,-1.0862858968913138,1.5663622750306352,1.6121469973223397,1.398234197042687,-0.6821790444076868,-1.2548253416133497,1.5060307252660003,-0.20412160020002512,1.5142403521009988,-0.7635046928432299,0.7503361345402686,0.97429998352574,0.9137222738487554,1.6006947005660537,0.31454876914683805,1.2288150845524883,-0.31019903974132296
0.40828159973978173,0.8443668227300541,0.9916346912644185,-1.6000298210140858,-0.9311130148839688,-1.2355398571784049,-0.27994348189277296,1.4895702324729598,-1.4780550495427787,-1.6537010484133254,0.4844394231829329,-0.5888148409863574,1.7036978648617638,-0.2828382655414652,-0.4162214977347492,0.17070275774169397,-0.15056567524151374,-0.8476628295718728,3.216274254160039
