0.41021913109970054,-1.8204854201676668,NaN,-0.27652341937926606,-0.2239139523742228,-0.4049871644664955,-0.12900223875384312,-0.4264576482937528,-0.12667026030445186,1.9114113103500765,1.7740218511955486,1.9500844759116103,1.9782108460318695,-2.808189927292954,1.808048604851528,-0.16458202156864826,1.956335427184968,-0.7193902831866372,-0.7151031963275767,-1.0164993838784708
-0.7865801758666838,1.6224477730339575,NaN,-0.27652341937926606,-0.2239139523742228,0.48738368000537535,0.17580474520647557,0.20626821270028803,-0.07320804635073933,-0.7543990655668109,-0.74945036699705,-0.8651726663051272,-0.620792902529161,0.6469831993146382,-1.382155525957052,1.703097915691934,-0.7793596372739559,0.3102308764307095,2.2110716387855724,1.4801657695072472
-0.04698509852790697,0.940678823885121,NaN,-0.27652341937926606,-0.2239139523742228,0.052080912175684474,-0.10787073592788009,0.09328144345554074,-0.1191657253644335,0.28114381153060447,0.29581140851703774,0.32803223715902413,0.20886626039317208,-0.0865171798277649,0.5543337342917453,-0.8649620437183227,0.3123617126444397,-0.6122178504959807,-0.41983194480088704,0.9808327388301036
-1.6203055357758505,-0.7466993252582492,NaN,-0.27652341937926606,-0.2239139523742228,4.056865725866616,5.367083802932783,1.336136372913201,1.7583436637338237,-0.4171350927709817,-0.5422534943373994,-0.31776155298510483,-0.40966098473811163,-0.8393202691017246,0.3600961430312906,0.26173621902209915,-0.34215975753145883,0.7919429141021023,-0.7044417494491687,-0.5171663532013273
-0.7193442597449768,-0.37172640322638917,NaN,-0.27652341937926606,-0.2239139523742228,-0.44851725319870084,-0.12648359483290306,-0.31347119428223674,-0.12032104498837025,-0.9092554702619063,-0.9288148106872093,-0.8828310994954911,-0.9122143660546402,0.540818684469589,-0.5463456140163255,0.37339096173569486,-0.9148660238011651,2.5329322117168704,-0.5417032007765147,-0.5171663532013273
-0.3697174959121005,0.32708676965116823,NaN,-0.27652341937926606,-0.2239139523742228,-0.5355778341887087,-0.13593725481409738,-0.4377566811267144,-0.12763990222754365,-0.9349065261894771,-0.9319073011868355,-0.9332837355902028,-0.9300564983316058,0.7724503895464873,-0.7405830993290416,0.4647449011025254,-0.9660005098475397,2.587711161523859,-0.4831102151941874,-0.5171663532013273
0.020250817593800013,0.46344055948093554,NaN,-0.27652341937926606,-0.2239139523742228,-0.7096989021433426,-0.1383769085685244,-0.5394448141222427,-0.12917175571348094,-0.9643577457710608,-0.9319073011868355,-1.011485324829041,-0.9300564983316058,1.0716413455567264,-1.1055142045779056,0.7794083715735035,-1.045258966555946,-1.849376229793638,0.8643813765741324,0.48149970815296
-0.12766819787395536,-0.5933013116997611,NaN,-0.27652341937926606,-0.2239139523742228,2.1850644471171,0.004594457909410479,-0.27957522248793326,-0.1210852790948496,0.7077115429821286,0.6730953212790612,0.7997644610424883,0.625182590978376,-0.887576827275887,1.2135641897381613,-1.159324537270103,0.790469234608443,-0.6143331875389172,-0.49238633665960957,-0.017833322524183636
1.001895192970722,0.07142341372035453,NaN,-0.27652341937926606,-0.2239139523742228,-0.38322191441987,-0.129456922546348,-0.4038606218806113,-0.1275377793358299,-0.8019010214632579,-0.7123404704252183,-0.8449916127753899,-0.8289510892323206,1.4769968250982037,-0.9465925967908456,0.07902839510078509,-0.8560613628919399,0.5471987643271423,0.2642478819749317,-1.5158324145556146
-0.9076048248857563,0.13960030863523817,NaN,-0.27652341937926606,-0.2239139523742228,-0.10027507419446642,-0.11763984751839365,-0.43775666282284936,-0.12600592713664932,-0.8266020467377501,-0.8298551127509027,-0.8071521374071327,-0.8378721540326435,0.6276805760449732,-0.5286876222796282,0.25158577623945616,-0.838164286677921,0.9480804697326521,-0.4532606731159148,0.48149970815296
0.033698000818141415,1.128165284901051,NaN,-0.27652341937926606,-0.2239139523742228,0.6615048576562881,-0.08200369013086121,0.12717747626272774,-0.10343540171614785,0.5680556236060815,0.5401182222803839,0.6862460235858726,0.44973503408876725,-0.7138530441251187,1.2841958388417347,-1.4638376380415674,0.6754166346762069,-0.45785708214041004,-0.44520536484533785,0.9808327388301036
-0.3428231294634177,-0.5251244167848774,NaN,-0.27652341937926606,-0.2239139523742228,-0.42675200315207534,-0.13250648670315582,-0.449055313308408,-0.12522297375367858,-0.4456363201760782,-0.48658866478748003,-0.3581236237186793,-0.5048190306854468,-0.02860931001876991,0.25414840450658394,-0.40819248391503765,-0.38306730771088504,0.15417172413436464,-0.476996691536713,0.48149970815296
-0.7058970765206354,0.24186565100756366,NaN,-0.27652341937926606,-0.2239139523742228,0.4003227581733581,-0.10187511595385672,-0.11009487541334803,-0.11383281565064442,-0.5007385700341717,-0.48658866478748003,-0.4993910529156899,-0.5107664018663559,0.531167346776189,-0.3933099328430056,0.11963011141900969,-0.49556318575690694,-0.13394579793732844,-0.2311872575987591,-0.5171663532013273
0.006803634369458618,-1.9397949862687132,NaN,-0.27652341937926606,-0.2239139523742228,-0.31792647769793303,-0.13197272023702272,0.048086983876701225,-0.0827395824200803,2.7151443430684363,2.878041063377,2.414248879643592,2.8851860484115988,-0.6366424641845672,0.0775689109305652,0.5357979366332877,2.4267728525218892,-1.437734276868066,-0.7579958486753918,-1.0164993838784708
-1.5530696196541434,-0.7466993252582492,NaN,-0.27652341937926606,3.195862774795726,0.9009210214908496,0.041547680717423874,0.6243196026117631,0.1328432441847787,-0.6441944888974407,-0.7185254592175468,-0.5826378692110622,-0.6386350160718886,-0.18303046989987315,-0.08723878239184268,0.34293968820011317,-0.610615785689143,0.9378059501693174,-0.6723705525392125,-0.5171663532013273
-0.3428231294634177,-0.6955666540720865,NaN,-0.27652341937926606,-0.2239139523742228,-0.12204010876625848,-0.11207439592213009,-0.21178311619830364,-0.10816831885301188,-0.35253243377785604,-0.2762993241724593,-0.33037470008934683,-0.44831895094041546,0.9944307743023639,-0.12844058653123877,-0.8243602543169684,-0.3549433669625295,-0.07990540132662467,-0.16429737462613683,-1.5158324145556146
-0.3831646791364419,1.8951553526934921,NaN,3.5948044519304596,-0.2239139523742228,-0.01321462248935865,-0.08287476998015009,-0.13269227807260425,-0.1205933778466336,-0.6432444762001047,-0.6659531310218954,-0.7667900212661832,-0.46913475007359756,0.2995356330131016,-1.382155525957052,2.068513563534562,-0.648966660003395,0.13509593113423413,2.3230504154350866,1.4801657695072472
-0.7462386261936597,-1.4284682744070858,NaN,-0.27652341937926606,-0.2239139523742228,-0.4702820958020049,-0.1316307073936111,-0.460353437049406,-0.1261595212143084,1.849658689448959,1.7152647012020572,1.9147677548344828,1.883052987426914,-2.730979434214294,1.9434263472620203,-0.4792455468519735,1.9205414128200504,-0.6866569133416621,-0.6827830114300553,-1.0164993838784708
1.4859937890470123,0.8554577052415165,NaN,-0.27652341937926606,-0.2239139523742228,-0.2526309822101324,-0.12554016635040693,0.036787967313841916,-0.10924587646252719,-0.5700914464203439,-0.5855483463026618,-0.7037242403375982,-0.3918188979585812,0.30918694464793417,-1.3939275063218184,2.0786639880464226,-0.5824918679513075,-0.13039382073883082,2.306964890706633,1.4801657695072472
-0.8538160919883908,-0.26946106085406374,NaN,-0.27652341937926606,-0.2239139523742228,-0.3614567427277294,-0.13319264742290826,0.036787967313841916,-0.11375110752115823,-0.8541531947527518,-0.8917049255266677,-0.8197652845113746,-0.8497669070997407,0.3284896547794907,-0.44628380210535895,0.4241431665135184,-0.8509478961089916,1.9864077272622507,-0.6049612690436924,-0.5171663532013273
-0.5579780610528801,-0.15015149475301734,NaN,-0.27652341937926606,-0.2239139523742228,-0.12204026547522825,-0.10475543428832655,-0.22308168533335096,-0.12113803712937697,-0.4076347349380716,-0.3412416438689751,-0.38587261545907425,-0.4929242615604313,0.9461741726972556,-0.17552852917985223,-0.6924045529549573,-0.4111913174908005,-0.04186558555775119,-0.1857705619072301,-1.5158324145556146
-0.9344991913344391,0.7702365865979119,NaN,-0.27652341937926606,-0.2239139523742228,-0.4920475221462214,-0.12900227580609216,-0.3473672352244749,-0.1255901363506678,-0.31168073349465814,-0.3721665460819954,-0.4363252265797298,-0.10337104776292438,-0.3181489196494198,-1.1231721613518493,2.2715223278335093,-0.3344895458517764,-0.30033719630396943,2.5397509017973166,1.4801657695072472
1.3649691400279398,1.0258999425287256,NaN,-0.27652341937926606,-0.2239139523742228,-0.5138126899206378,-0.13118047419375586,-0.053601541635043895,-0.11004709848142089,-0.6318439903682782,-0.6102883014719759,-0.7894937087575064,-0.46021372006543093,0.7048911299269573,-1.6117089258771327,2.038062289998981,-0.6412965173552726,0.12698249498484057,2.0474601523828704,1.4801657695072472
0.8808705439516494,-0.7637435489869702,NaN,-0.27652341937926606,-0.2239139523742228,-0.1873359176719987,-0.12373897706708421,-0.26827642963897996,-0.12263587189391784,0.07498528471994297,0.11953954105034222,0.07072380919561196,0.03639225527803229,0.3574435896839882,0.030481021255821254,-0.4284933329387588,0.05157585014539794,-0.7634892523844723,-0.38551129905133275,-0.017833322524183636
-1.606858352551509,-1.377335603220923,NaN,-0.27652341937926606,-0.2239139523742228,0.13914155976700449,-0.08920265393916561,-0.053601338258765674,-0.11511275802579642,-0.48363787976302375,-0.4494787598659239,-0.43884790140795316,-0.5642927960209326,0.7048911299269573,-0.07546671726888543,-0.6112011568600728,-0.46488254613285723,0.1813962281286496,-0.2639302073712913,-1.5158324145556146
-0.5579780610528801,-0.6444339828859238,NaN,-0.27652341937926606,3.195862774795726,8.845196054461487,11.656514937873276,8.55599485891601,12.612745001963008,0.7656637026769247,0.7040202513244963,0.7821059869854868,0.797656676383107,-1.1867678354032611,0.7309133338155026,-0.012325562536827952,0.772572112373384,-0.4903794684799282,-0.6939663680126309,-0.5171663532013273
-0.5579780610528801,-0.5080801930561565,NaN,-0.27652341937926606,-0.2239139523742228,-0.23086590846109786,-0.11763983722610226,-0.347367308439935,-0.12409962378305112,-0.41523501607418745,-0.338149100766085,-0.40605367352954896,-0.4958979471508859,1.0523387031774452,-0.2697042555554709,-0.6416524303956546,-0.4316451155910335,-0.11697788767331732,-0.14400536834341846,-1.5158324145556146
1.4994409722713538,1.0088557188000047,NaN,-0.27652341937926606,-0.2239139523742228,-0.5138126115661529,-0.13677588570341065,-0.3812632802342385,-0.12195502688069274,-0.6603451921223137,-0.6597681283133595,-0.786971079336658,-0.5048190306854468,0.531167346776189,-1.4174714405644164,1.8858057396132482,-0.6796473686590047,-0.04989081240980546,2.2339090486217903,1.4801657695072472
0.5850325130161387,-0.4399032981412728,NaN,-0.27652341937926606,-0.2239139523742228,-0.3614560923855048,-0.128618294703553,-0.38126309719558815,-0.12481448944780765,1.4316414313883143,1.2668534660349822,1.6675497991470891,1.2972361767378422,-2.6827224417306734,2.8027802676087616,-2.0119611098055095,1.669982391844825,-0.3832845960768717,-0.5560445871703673,-1.0164993838784708
0.9077649104003322,0.32708676965116823,NaN,-0.27652341937926606,-0.2239139523742228,-0.7096989021433426,-0.1383769085685244,-0.5394448141222427,-0.12917175571348094,-0.9643577457710608,-0.9319073011868355,-1.011485324829041,-0.9300564983316058,1.0716413455567264,-1.1055142045779056,0.7794083715735035,-1.045258966555946,-1.849376229793638,0.8643813765741324,0.48149970815296
-0.7865801758666838,1.2986075221882603,NaN,-0.27652341937926606,-0.2239139523742228,-0.14380537840150526,-0.11946958638300083,-0.3473672596296282,-0.1240996201066035,-0.7648494950944974,-0.7587278293112317,-0.8853537334570769,-0.620792902529161,0.666285866015249,-1.4586733241646166,1.8147526766763125,-0.7793596372739559,0.5608552762710131,2.1401950528027482,1.4801657695072472
1.3111804071305742,0.8725019289702374,NaN,-0.27652341937926606,3.195862774795726,0.11737652519521245,-0.10013246222529151,0.5000339184922957,-0.10305525427377085,0.5823061988320382,0.5524881163677964,0.7064271043600346,0.4586560908601311,-0.7428071527533996,1.337169708104088,-1.5247401851127311,0.6958704557869597,-0.45407899096845095,-0.4420966822657051,0.9808327388301036
-0.8672632752127322,0.8895461526989583,NaN,-0.27652341937926606,-0.2239139523742228,-0.33969141432661903,-0.12701727299117588,-0.24567910833023499,-0.11337663375658773,-0.4617869720988291,-0.4927736396636012,-0.5927284095981433,-0.2728713405244125,0.07755520482627927,-1.2879797519049507,2.1395666264714985,-0.48022287745014214,-0.2565044523496134,2.4170254304441943,1.4801657695072472
-1.337914688064681,-0.6444339828859238,NaN,-0.27652341937926606,-0.2239139523742228,0.030316073490104584,-0.11246004808110191,-0.3021725031214225,-0.1234400752361067,0.6782602772286349,0.6205230069996172,0.8123776308504178,0.5686825379965419,-1.0806034074201034,1.4843194626636682,-1.4232358486402135,0.8032528670500336,-0.4752112852327094,-0.48998009615962484,-0.017833322524183636
1.6339128045147677,-0.08197459983813368,NaN,-0.27652341937926606,-0.2239139523742228,1.0315119732892084,-0.048633294241047315,-0.2230818887096291,-0.11231672585303679,0.26309303160893727,0.31436644447506024,0.2674890402439124,0.20589249451312625,0.2705816981086041,0.24237649830523464,-0.7025549774668179,0.25100029533322044,-0.7608641827420211,-0.3649468857558621,-0.017833322524183636
1.4456522393739881,1.1963421798159348,NaN,-0.27652341937926606,-0.2239139523742228,0.9226859385309144,-0.0914869744967469,0.2966576402986626,-0.10851348213884456,0.2592929038664098,0.24942404128130005,0.3255096304418633,0.18805046125998995,-0.29884629637975474,0.67205348496554,-0.8446612860485134,0.3098050137687456,-0.5613867548245428,-0.4562873247694117,0.9808327388301036
1.6204656212904263,0.9918114950712839,NaN,-0.27652341937926606,-0.2239139523742228,-0.12204030465247073,-0.11909125616013501,-0.09879620459016163,-0.11264477251781162,-0.5700914464203439,-0.5793633714265408,-0.7289505345460822,-0.3680293597085504,0.36709490131882083,-1.5705070687638671,2.322274541746724,-0.5620380468405544,0.015283301366687674,2.199956544801138,1.4801657695072472
0.033698000818141415,-1.6329989591517367,NaN,-0.27652341937926606,-0.2239139523742228,-0.31792596839378123,-0.1237390552884989,-0.3247702921956073,-0.12083158132242687,2.3303784272016905,2.3863349762446626,2.232619379713007,2.3677640598293763,-1.3315375967876402,1.1900200594922468,-0.6518029462614271,2.242688692630311,-1.1145229432009647,-0.5968165309791319,-1.0164993838784708
0.26230011563194516,-1.8375296438963877,NaN,3.5948044519304596,6.615639501965673,0.7485652701841533,-0.046789868687328845,0.4774365768459229,-0.10785751380851435,0.1794896056478693,0.19066683562297926,0.21451379970240847,0.1256029032812612,-0.038260621653602354,0.3895260409693374,-0.6315020972377059,0.1973091127122036,-0.6594117768910073,-0.4417105257020444,-0.017833322524183636
1.647359987739109,1.1792979560872139,NaN,-0.27652341937926606,-0.2239139523742228,-0.03497981377012049,-0.114840084890298,-0.07619880193090538,-0.1104438395701802,0.311545013028251,0.3050888708312195,0.38857543407413586,0.22373463481905073,-0.30849760801458737,0.7897732356393345,-1.037519534481688,0.37372312995565893,-0.5144648662574778,-0.43642805574880283,0.9808327388301036
0.24885293240760376,-0.8830531150880165,NaN,-0.27652341937926606,-0.2239139523742228,-0.03498004883357512,-0.12133781841746534,-0.38126334124712197,-0.11994666901730673,0.2231913440230754,0.3391063439795447,0.1489253439455999,0.1969714377417624,0.9075688914131689,-0.34033606358065227,-0.3675906945136835,0.13083425162855605,-1.0677584381236698,-0.2175189751650894,-0.017833322524183636
-0.4235062288094661,0.1566445323639591,NaN,-0.27652341937926606,-0.2239139523742228,-0.557342966703607,-0.1379957123953629,-0.3473672352244749,-0.1277760631420039,-0.9102055034800913,-0.9040748864118758,-0.9055347756349703,-0.9122143660546402,0.782101709867509,-0.6993812157288416,0.3835414045183378,-0.9378765322823523,2.0618340864233744,-0.4308345116560576,0.48149970815296
-1.1496541229239015,0.3441309933798891,NaN,-0.27652341937926606,-0.2239139523742228,-0.6008732199802306,-0.13433623133144615,-0.27957512079979413,-0.1102108189664347,-0.9425068406719723,-0.9226298294096328,-0.9786911105728491,-0.9092406777878659,0.9365228436900448,-1.0113384358231916,0.7591075024519217,-1.0120215498204341,-0.7318875173077787,-0.7639809537222255,-0.5171663532013273
0.24885293240760376,-0.013797704923250031,NaN,-0.27652341937926606,-0.2239139523742228,-0.31792647769793303,-0.1292282031298138,-0.3134711536069811,-0.11950406240612738,-0.8997550765175109,-0.9257223201875832,-0.8727405704602537,-0.8973459247207689,0.4732594161638699,-0.5345736018672376,0.4241431665135184,-0.9046391247510485,2.471306081760223,-0.5944579005852967,-0.5171663532013273
-1.364809054513364,0.1566445323639591,NaN,-0.27652341937926606,-0.2239139523742228,-0.4485172727873221,-0.1365471656899236,-0.4151593008388488,-0.12695907908918197,-0.8883546035112149,-0.9009823934073322,-0.8651726663051272,-0.8943722337776748,0.5890753034470757,-0.5522315406300656,0.332789236282079,-0.8969689429850422,1.8300021715532655,-0.5080088852747507,0.48149970815296
1.405310689700964,0.10551186117779636,NaN,-0.27652341937926606,-0.2239139523742228,-0.7096989021433426,-0.1383769085685244,-0.5394448141222427,-0.12917175571348094,-0.9643577457710608,-0.9319073011868355,-1.011485324829041,-0.9300564983316058,1.0716413455567264,-1.1055142045779056,0.7794083715735035,-1.045258966555946,-1.849376229793638,0.8643813765741324,0.48149970815296
0.8136346278299424,1.0429441662574466,NaN,3.5948044519304596,-0.2239139523742228,0.7267997263082095,-0.09630282821764147,-0.1778872054168836,-0.11776313118164121,0.2782936195322299,0.2865340297001005,0.34821331793318644,0.18507674890633832,-0.14442513649865155,0.7132552361310667,-1.0781212325291305,0.3328155337551928,-0.49818572506922093,-0.40504270171932344,0.9808327388301036
1.0153423761950633,1.8951553526934921,NaN,-0.27652341937926606,-0.2239139523742228,0.24796700686666195,0.002208134568623775,0.13847610641065847,-0.05931926910748014,-0.5520406921497378,-0.5669934216742986,-0.6330905030354053,-0.4364241818154,0.2995356330131016,-1.0113384358231916,1.4290361798099633,-0.6182859973688254,-0.5505127847546412,2.6592825070835877,1.4801657695072472
-1.5799639861028263,1.0940768374436092,NaN,-0.27652341937926606,-0.2239139523742228,0.09561145144617784,-0.05840199208144638,1.8445768650210053,0.92409685106072,-0.28602967243687505,-0.279391783778105,-0.2622636376153774,-0.3174766243812312,0.28988432137826914,-0.06369481106753615,-0.19503338645814197,-0.28591180700318786,-0.6448287123580814,-0.48736070392764946,0.9808327388301036
0.9346592768490151,-0.0990188235668546,NaN,-0.27652341937926606,-0.2239139523742228,-0.2743963693771065,-0.11174330937527473,-0.34736692202500646,-0.12207435517967462,0.05788454314667282,0.07624454992300587,0.08333688818879147,0.009629058200743936,0.12581184986233332,0.224718453594668,-0.5198472448994158,0.06435939054490863,-0.6437430458151738,-0.4262383992871431,-0.017833322524183636
-0.47729496170683167,1.162253732358493,NaN,-0.27652341937926606,-0.2239139523742228,0.5744446410146349,-0.10436789864002748,-0.08749757444223089,-0.11254097996740625,0.6108073749350126,0.5617656621792224,0.7266081851341969,0.5151561438419652,-0.9454846970848823,1.301853777604563,-1.25067844923076,0.7163242768977129,-0.5201182036736293,-0.49274778743845743,0.9808327388301036
-0.4369534120338075,1.6394919967626784,NaN,-0.27652341937926606,-0.2239139523742228,-0.16557056968226708,-0.10780499906267184,-0.24567906765497938,-0.11460212058942994,-0.6033428142653039,-0.6350282009764603,-0.7289505345460822,-0.4185820950358696,0.18371980653321995,-1.364497571302063,2.159867475495219,-0.6055023879377547,0.12961595072246127,2.3552287350838794,1.4801657695072472
-1.4185977874107294,0.05437918999163362,NaN,-0.27652341937926606,-0.2239139523742228,-0.5138126899206378,-0.13677588570341065,-0.4038606117117974,-0.12631229581179057,-0.8218518575608705,-0.7401728852001781,-0.860127412004168,-0.8467932161566467,1.4190889118582628,-0.9289346421358569,0.10947966863636674,-0.8816286047646013,0.6420835709050237,0.23013063431940559,-1.5158324145556146
-0.3831646791364419,-1.6329989591517367,NaN,-0.27652341937926606,-0.2239139523742228,-0.23086528162521883,-0.11306535832325433,-0.2569774130761206,-0.11470418153300112,2.3313285425032713,2.380150057033371,2.230096545958971,2.379658802191195,-1.3990969519552514,1.1664762470895482,-0.5401481852770489,2.2401317636494174,-1.1106706639278228,-0.6139513438443303,-1.0164993838784708
-0.5983196107259042,1.0258999425287256,NaN,-0.27652341937926606,-0.2239139523742228,0.44385345415282135,0.019361897313608652,0.7260074163065345,0.16603341376972536,-0.1292731653939244,-0.11858232566929734,-0.11090569073497314,-0.1598711275079557,0.203022429802885,0.024595041668211852,-0.25593593352930527,-0.13250830974617975,-0.6497635965838309,-0.47724027513385037,0.9808327388301036
1.405310689700964,-0.2524168371253428,NaN,-0.27652341937926606,-0.2239139523742228,-0.5791080913830566,-0.13654716826299643,-0.4377566811267144,-0.12723140845482006,-0.9216059790514932,-0.9288148106872093,-0.9105800412877736,-0.9181617439263488,0.666285866015249,-0.6640653117162509,0.4444440246726307,-0.9429899829579366,2.4891093180965234,-0.5227350127966758,-0.5171663532013273
0.6119268794648215,1.0940768374436092,NaN,-0.27652341937926606,-0.2239139523742228,0.7703301088697333,-0.09231432651676949,0.2288654933337774,-0.11497694545474921,0.5338541917616634,0.4968232868178769,0.6332706014148686,0.44676126820872136,-0.7717609139341141,1.1252742310546746,-1.128873446442345,0.62172526797103,-0.5381144976823262,-0.4875692233249879,0.9808327388301036
1.0287895594194048,0.0373349662629127,NaN,-0.27652341937926606,-0.2239139523742228,0.24796700686666195,-0.048109663623490576,1.2005521196586861,0.41807436749421495,0.08068546350820352,0.12572446026163375,0.08333688818879147,0.03341859645077487,0.3574435896839882,0.08345489051817459,-0.5198472448994158,0.06435939054490863,-0.7445441759788901,-0.3634110738046553,-0.017833322524183636
0.24885293240760376,0.003246518805470881,NaN,-0.27652341937926606,-0.2239139523742228,-0.44851732371773734,-0.1338025558491691,0.002891934506654922,-0.09444974734838754,-0.863653578236723,-0.8886124325221243,-0.8349010905512588,-0.8646353511099318,0.4539567928942049,-0.4933717447539722,0.37339096173569486,-0.8662882573399524,1.9363407424104717,-0.5730840511473042,-0.5171663532013273
1.0825782923167704,1.162253732358493,NaN,-0.27652341937926606,-0.2239139523742228,-0.27439586007295463,-0.12293214170074977,0.1497746348704501,-0.10629289122573042,0.1053865375197115,0.12263200065598809,0.13883487166958136,0.048287077929441966,0.07755520482627927,0.3188943388918945,-0.6315020972377059,0.12060741010473958,-0.6141503351675209,-0.4178729819467818,0.9808327388301036
-0.4907421449311731,-0.405814850683831,NaN,-0.27652341937926606,-0.2239139523742228,-0.1873356434313016,-0.11184568473942902,-0.279575141137422,-0.11797221075841391,-0.41808513111937884,-0.3412416438689751,-0.4035309987013256,-0.5048190306854468,1.0523387031774452,-0.23438832505594548,-0.7025549774668179,-0.42908834768377946,-0.05327786306996765,-0.13838988499905572,-1.5158324145556146
0.1143811001641898,-1.581866287965574,NaN,-0.27652341937926606,-0.2239139523742228,-0.27439613431365184,-0.11682400639707921,-0.3699644528113179,-0.12148192634228314,0.5614053295162406,0.5772280158722808,0.597953880337741,0.4973139767728435,-0.29884629637975474,0.7073692035695882,-0.9055638331196771,0.5859312536061122,-0.7445386296196509,-0.4496717075060046,-0.017833322524183636
0.0740395504911656,0.3100425459224473,NaN,-0.27652341937926606,-0.2239139523742228,-0.12204026547522825,-0.13586101680630622,-0.35866591011518684,-0.12358900151203114,-0.8570033097979431,-0.9071673766331779,-0.7970615970200515,-0.8705827249671608,0.21267374143771745,-0.2697042555554709,0.241435324321422,-0.8279373761225444,2.212227078121007,-0.5879921908182791,-0.5171663532013273
-0.6655555268476112,1.128165284901051,NaN,3.5948044519304596,-0.2239139523742228,-0.20910083471206345,-0.12793213686564212,0.09328144345554074,-0.0868245330148829,-0.5748416381623295,-0.5948258364492583,-0.6734526418800423,-0.4334505229881426,0.2705816981086041,-1.1526020889552628,1.703097915691934,-0.6182859973688254,-0.2947548079152049,2.501994672185231,1.4801657695072472
-0.020090732079224176,0.19073297982140092,NaN,-0.27652341937926606,-0.2239139523742228,-0.47028240138449595,-0.12976187573024928,-0.33606851559098166,-0.1250868143097974,-0.8038011109855827,-0.7154329662130032,-0.847514246736976,-0.8289510892323206,1.4673454960909929,-0.9524785869732288,0.09932922585372381,-0.8611748066643682,0.5002453724395988,0.2695081810598234,-1.5158324145556146
-1.4858337035324365,-0.2865052845827846,NaN,-0.27652341937926606,-0.2239139523742228,-0.18733560425405912,-0.1219092371732479,-0.2569777791534214,-0.12042317367048902,-0.5111890175176009,-0.4030914204626009,-0.5321852807940941,-0.5851086219173118,1.4190889118582628,-0.5581175731915442,-0.5299976694112764,-0.5594813479648603,-0.12442988720528728,0.026615097740254775,-1.5158324145556146
-1.1496541229239015,2.0144649187945385,NaN,3.5948044519304596,-0.2239139523742228,0.03031572089492264,-0.1002573221292507,-0.13269225773497642,-0.12263585534990348,-0.6223436068843072,-0.656675640875299,-0.7365184455123148,-0.44831895094041546,0.17406849489838752,-1.2997517269723302,2.0583631390227017,-0.6310696067998961,0.15720158925952563,2.3881045427877607,1.4801657695072472
1.3649691400279398,0.6168385730394237,NaN,-0.27652341937926606,-0.2239139523742228,-0.16557037379605483,-0.07578462656887823,1.2909414862441773,0.1559572910274817,0.1139368570042244,0.07005963071171432,0.17415163815408402,0.08397133177809415,-0.501523927573129,0.5131317712307413,-0.35744036135573487,0.1564014704906975,-0.48090544385286094,-0.604001153349006,0.9808327388301036
1.7549374535338405,1.2986075221882603,NaN,-0.27652341937926606,-0.2239139523742228,1.0968071161818271,-0.02526225879278404,0.5904233460906702,-0.07590670229332154,0.06928497767637709,0.06387471150042277,0.10099536224579278,0.03639225527803229,-0.10581980309742994,0.27769232285702133,-0.3675906945136835,0.08225651277996754,-0.6275434616038433,-0.5355008907048698,0.9808327388301036
-0.12766819787395536,-1.6159547354230157,NaN,-0.27652341937926606,-0.2239139523742228,-0.49204689139261804,-0.13277451793840572,-0.2908737102724692,-0.12255339171042916,1.9408624478482648,1.872981671872805,1.9425166557601277,1.9841581904495815,-2.180853802409925,1.5726092624255468,-0.41834290842689814,1.9486653305578856,-0.8493287900899094,-0.6702773806561508,-1.0164993838784708
0.19506419951023818,-1.360291379492202,NaN,-0.27652341937926606,-0.2239139523742228,-0.23086602599282527,-0.10658595742553884,-0.12139362758704567,-0.11514323026198563,0.3970485669882352,0.40714106761687663,0.436505461181318,0.33673479430911335,-0.22163571643920324,0.5955355384311413,-0.793908889427475,0.4223009148252874,-0.6985407645018276,-0.45191253505611056,-0.017833322524183636
1.1229198419897946,1.1111210611723301,NaN,-0.27652341937926606,-0.2239139523742228,-0.20910099142103322,-0.11783050604130953,-0.21178311619830364,-0.11884263087461756,0.30489471893841,0.31436644447506024,0.36587174658281274,0.22076097599179334,-0.15407644813348398,0.67205348496554,-0.9969177450803342,0.3507126099692117,-0.5591225091287537,-0.4143996316892371,0.9808327388301036
0.2085113827345796,0.9747672713425629,NaN,-0.27652341937926606,-0.2239139523742228,0.008550568791403184,-0.05901191121169028,0.1949694401889625,-0.0444432222938506,-0.06847068544544832,-0.05673246557842724,-0.03774936941930687,-0.11526581688793976,0.1644170964016634,0.15997273110483448,-0.4487942733163919,-0.0583633060144098,-0.5814511308954591,-0.4231017940236334,0.9808327388301036
0.8943177271759908,0.13960030863523817,NaN,-0.27652341937926606,-0.2239139523742228,-0.5791080913830566,-0.13288768497594472,-0.4377566750254261,-0.12845689128033438,-0.7933506763276841,-0.6999704928405613,-0.8349010905512588,-0.8259774009655464,1.5059508034336468,-0.9289346421358569,0.018125802352665758,-0.8509478961089916,0.5403513623231135,0.2693726209332601,-1.5158324145556146
-1.5799639861028263,1.2986075221882603,NaN,-0.27652341937926606,6.615639501965673,0.3567926106752891,-0.10381856817083068,0.5226311381129014,-0.10045342217510954,0.41319927021310815,0.3793086528419169,0.5147069505239309,0.3218664466464317,-0.6462939495431829,1.0428705698020133,-1.1187230219304845,0.5015592702874055,-0.4789401691054985,-0.47077746057599035,0.9808327388301036
-0.5579780610528801,-1.4455124981358067,NaN,-0.27652341937926606,-0.2239139523742228,-0.47028258159981123,-0.12655863469446713,-0.3925618697069136,-0.12207435058411507,1.8753097505067422,1.7461894364205888,1.9172903615516437,1.9306317962950048,-2.7020251518622302,1.8021626782377882,-0.26608644939507786,1.9230981116957444,-0.7221284098158194,-0.7020505640368041,-1.0164993838784708
1.5532297051687194,1.128165284901051,NaN,-0.27652341937926606,-0.2239139523742228,-0.31792647769793303,-0.13197281719040777,-0.23438039683179296,-0.119878515031124,-0.7762499604054749,-0.7834677510816478,-0.8878763537964504,-0.6297139593005247,0.5504699961044216,-1.4056994549022632,1.845204041565806,-0.7870298029325982,0.5281026050958858,2.229905167370586,1.4801657695072472
-1.0689710235778531,-1.1557606947475512,NaN,-0.27652341937926606,-0.2239139523742228,-0.16556986449190303,-0.11829402267829879,-0.33606879014895724,-0.12581563356389247,0.7210120029065048,0.7225750924556152,0.7921964138541305,0.6281562498056336,-0.5594320579677987,1.0781862884060616,-1.2709794809623052,0.7827989078761606,-0.6656671826952868,-0.4421318108034855,-0.017833322524183636
-1.5127280699811192,-0.7637435489869702,NaN,-0.27652341937926606,-0.2239139523742228,0.44385321908936676,0.14469924832036044,2.8501596868541235,0.5280952797423684,-0.3582326638682387,-0.4494787598659239,-0.29253523607293325,-0.34423982145851956,-0.5690833696026313,0.17174458433231465,0.3023379353403237,-0.3165925156587975,0.43241237841473273,-0.7000053239497984,-0.5171663532013273
-0.006643548854882779,-0.20128416593918008,NaN,-0.27652341937926606,-0.2239139523742228,-0.03497981377012049,-0.10689010698732716,0.05938524794733118,-0.11511274883467733,-0.44468623052555895,-0.37525900568764115,-0.43380259715888136,-0.5196874854009167,1.0040820946233855,-0.2814762677045588,-0.5705994588126305,-0.45976905633938897,-0.08967640021279288,-0.15576750940561632,-1.5158324145556146
0.4640078639970661,-1.581866287965574,NaN,-0.27652341937926606,-0.2239139523742228,-0.4049886688726054,-0.1350223589100203,-0.008407082056204386,-0.11960620974621787,2.5317869674788556,2.6801219786707846,2.3108210960924946,2.623501662925201,-0.6269911525497346,0.4895877999064347,-0.18488287059236944,2.321947278197629,-1.3477397351651272,-0.6030103484372475,-1.0164993838784708
-1.3244675048403396,0.07142341372035453,NaN,-0.27652341937926606,-0.2239139523742228,-0.5138126899206378,-0.13677588510645775,-0.460354043110715,-0.12777606718609627,-0.9510571960679708,-0.9319073011868355,-0.9761684766112633,-0.9300564983316058,0.9365228436900448,-0.9407066066084625,0.6373022822411966,-1.009464823332116,1.6016918398330235,-0.4831102151941874,-0.5171663532013273
-0.7327914429693182,-0.9171415625454584,NaN,-0.27652341937926606,-0.2239139523742228,-0.05674488751915492,-0.12007945611024597,-0.23438066122095463,-0.12641443414458436,2.2667258322080235,2.2842829742859085,2.1872120047303607,2.3201849833293147,-1.6403798296879553,1.2665380590005146,-0.4589446064743405,2.1966676526574167,-1.0521550653451104,-0.6409716875336635,-1.0164993838784708
1.539782521944378,-0.13310727102429643,NaN,-0.27652341937926606,-0.2239139523742228,-0.4049866943395862,-0.13006717885205835,-0.27957508012453847,-0.12234396958064844,0.21274097349282936,0.16901936789172578,0.3154190446474071,0.13155035475176163,-0.5787345943755722,0.8898349416025627,-0.925864590789486,0.299578057192329,-0.38302143242369274,-0.4863818015424285,-0.017833322524183636
0.4774550472214075,-0.6785224303433656,NaN,-0.27652341937926606,-0.2239139523742228,-0.23086590846109786,-0.11282597197590727,-0.49425006371532526,-0.12758966412213374,-0.4788876623699771,-0.5267910571470967,-0.4010083692804771,-0.5196874854009167,-0.06721455655809985,0.15997273110483448,-0.2051838109700025,-0.42653162579756526,0.18735541397868472,-0.5259061032181527,0.48149970815296
-0.6386611603989284,0.07142341372035453,NaN,-0.27652341937926606,-0.2239139523742228,-0.6226383642483014,-0.13776699485202576,-0.5168474501044793,-0.12889942620997605,-0.9510571960679708,-0.9319073011868355,-0.9761684766112633,-0.9300564983316058,0.9365228436900448,-0.9407066066084625,0.6373022822411966,-1.009464823332116,2.587711161523859,-0.4831102151941874,-0.5171663532013273
1.405310689700964,-0.7126108778008075,NaN,-0.27652341937926606,-0.2239139523742228,-0.36145658601875963,-0.1277034195075662,-0.324770556584769,-0.12450812353000211,1.360388427003226,1.1431539685125602,1.6423233914201678,1.2228939031604924,-3.117031899607594,3.0676496139205285,-2.0119611098055095,1.6444150579300842,-0.2428765152485425,-0.576179994806643,-1.0164993838784708
1.3918635064766225,-1.1387164710188302,NaN,-0.27652341937926606,-0.2239139523742228,-0.5791080286994688,-0.12969768559059347,-0.44905534584861245,-0.1260075730822537,-0.7505989121732225,-0.7772827817720097,-0.6911110705296686,-0.7873194427922017,0.3477922780491558,-0.18730043538120153,-0.042776836072409605,-0.7205549648594708,0.9114782259076916,-0.4664907495590658,0.48149970815296
0.6388212459135043,-0.3887706269551101,NaN,-0.27652341937926606,-0.2239139523742228,-0.31792647769793303,-0.1310579603146997,-0.35866581656209884,-0.1264484684908832,0.5291039743686168,0.5555806038058569,0.5702049794120958,0.44973503408876725,-0.17337907140314904,0.7132552361310667,-1.0476698676396368,0.5578073358682765,-0.6967985865085007,-0.4131034787183095,-0.017833322524183636
0.7060571620352113,-1.2750702608485975,NaN,-0.27652341937926606,-0.2239139523742228,-0.31792596839378123,-0.122730252229452,-0.34736704405077334,-0.12041648685562664,1.7917061449882468,1.7028945566229117,1.8441340856433526,1.7968158109085632,-2.2580643823504767,1.808048604851528,-0.743156766868172,1.8489531539850146,-0.7519212331048206,-0.6393873647445696,-1.0164993838784708
-0.22179848044434514,0.24186565100756366,NaN,-0.27652341937926606,-0.2239139523742228,-0.6008732121447821,-0.1361659713076208,-0.36996459924223823,-0.12437194965606398,-0.8076012643791712,-0.7216179522220902,-0.847514246736976,-0.8348984630895495,1.4480428901937061,-0.9289346421358569,0.07902839510078509,-0.8714017103165886,0.5139403095602787,0.24291132283089112,-1.5158324145556146
-0.2755872133417107,-0.06493037610941277,NaN,3.5948044519304596,-0.2239139523742228,-0.4485172727873221,-0.1210184650828125,-0.23438039683179296,-0.1210082592632936,-0.876954127939813,-0.9009823934073322,-0.8752631998811021,-0.8467932161566467,0.4732594161638699,-0.6934952255464585,0.6982048932600983,-0.9071958466372626,1.8933890708994097,-0.756398400938116,-0.5171663532013273
-0.826921725539708,-1.2409818133911557,NaN,-0.27652341937926606,-0.2239139523742228,-0.42675200315207534,-0.12610229919503746,-0.38126334124712197,-0.12236349308005909,1.89906070921667,1.8791665910840962,1.9223358020228403,1.871158057722716,-1.6982879600826248,1.6903290130993414,-1.128873446442345,1.9282117395523324,-0.8804079693845275,-0.5701528127200501,-1.0164993838784708
-0.22179848044434514,1.162253732358493,NaN,-0.27652341937926606,-0.2239139523742228,0.5526788228979939,-0.09915999095490675,0.04808673982516743,-0.10915969777272175,0.5775560070900525,0.5463031414916752,0.6938139572557926,0.4646034085146459,-0.7524583775263405,1.2783099122279948,-1.4130855154822648,0.6830868463558891,-0.48068847027942546,-0.4531099292257688,0.9808327388301036
1.3515219568035983,-1.0705395761039467,NaN,-0.27652341937926606,-0.2239139523742228,-0.6008732121447821,-0.1332117385942367,-0.4038606218806113,-0.12404519443543072,-0.800000949896676,-0.8174851546489361,-0.7516542220374053,-0.8319247748227753,0.4732594161638699,-0.30502018605499626,0.028276226864526254,-0.78191633614965,1.1714286735105617,-0.44435114946784326,0.48149970815296
0.24885293240760376,-1.7011758540666204,NaN,-0.27652341937926606,-0.2239139523742228,-0.3179269674134636,-0.10818612467188345,-0.3134712552951202,-0.12808244675271366,2.31897806962517,2.34613272304712,2.220006346127202,2.385606146608907,-1.5921232715137927,1.172362173703288,-0.3472898454899623,2.2299051982518403,-1.0839625037932654,-0.6504897198087098,-1.0164993838784708
-0.12766819787395536,1.2304306272733765,NaN,-0.27652341937926606,-0.2239139523742228,0.9444517566475551,-0.07675035021301742,0.4661379466979922,-0.10046977869061967,0.32674562660260464,0.31127392920458496,0.4011885130673154,0.2504978318963391,-0.4050108112248039,0.783887203077856,-0.925864590789486,0.3865066703551696,-0.5345408231264851,-0.4682003383977182,0.9808327388301036
1.5263353387200365,1.2133864035446558,NaN,-0.27652341937926606,-0.2239139523742228,-0.05674488751915492,-0.11093078443025123,-0.08749757444223089,-0.11861788595448934,0.24789241803458337,0.2308692001501811,0.31794174217931803,0.1791292974358379,-0.35675425305064157,0.6897114237283681,-0.8142099211590201,0.3021348481101031,-0.5438173086228909,-0.47038435551035135,0.9808327388301036
-1.028629473904829,-0.610345535428482,NaN,-0.27652341937926606,-0.2239139523742228,-0.4049870469347681,-0.13136289929523884,-0.3812632741329502,-0.12481448531180406,-0.9054553066078934,-0.9288148106872093,-0.8651726663051272,-0.9211354324607549,0.5022134118716916,-0.44628380210535895,0.241435324321422,-0.8969689429850422,2.5260848984545894,-0.5020960317808981,-0.5171663532013273
-0.47729496170683167,1.2304306272733765,NaN,3.5948044519304596,3.195862774795726,-0.07850964785024987,-0.1084944611378156,-0.2795749580987716,-0.11902600381044268,0.657359279657532,0.6328928454222003,0.7543570860598421,0.5597615079883752,-0.7524583775263405,1.2076781571766828,-1.291280238632114,0.7444481946355486,-0.5833304592600516,-0.46614094395483024,0.9808327388301036
-1.0555238403535117,0.46344055948093554,NaN,-0.27652341937926606,-0.2239139523742228,0.05208083382119954,-0.10323062308273798,-0.29087381196060835,-0.1215465285124096,-0.9254061324450816,-0.9040748864118758,-0.9458968963166573,-0.9122143660546402,0.9365228436900448,-0.887732747940883,0.5459483702805396,-0.9787841330849224,1.028861328474122,-0.37942550506379136,0.48149970815296
-1.3244675048403396,-1.189849142204993,NaN,-0.27652341937926606,-0.2239139523742228,0.1609062417436146,-0.0627476548202209,-0.1778870833911167,-0.12195502504246891,-0.3629828556102242,-0.3288716662843182,-0.3051484058808628,-0.46021372006543093,0.6083779093443623,0.11288478845622121,-0.834510678828829,-0.3293761481003881,0.08106835770609142,-0.2751492715334792,-1.5158324145556146
-1.0420766571291704,-0.7807877727156911,NaN,-0.27652341937926606,-0.2239139523742228,-0.5355779869799542,-0.1312903600487947,-0.38126309719558815,-0.1254614259411541,1.799306554379668,1.6812470888916584,1.8617925597003537,1.8206054829745795,-2.537952940931969,1.88456633949045,-0.5807498833244912,1.8668502762200736,-0.7042567092210706,-0.6655534287184267,-1.0164993838784708
-1.4454921538594123,0.36117521710861006,NaN,3.5948044519304596,-0.2239139523742228,-0.3614567035504869,-0.1286182971737029,-0.3134711536069811,-0.12236351973430441,-0.6926465216188765,-0.7092479829871577,-0.655794213230416,-0.7129772093596474,0.3960488622818858,-0.2991342064673868,0.09932922585372381,-0.6847608124314328,0.31532012692680295,-0.49244925920530425,-0.017833322524183636
-1.0824182068021946,-0.8489646676305748,NaN,-0.27652341937926606,3.195862774795726,5.319243450907952,0.25553495834846635,4.872624306407964,0.16231162634835658,0.446450612407007,0.38858611515609864,0.4743447889756066,0.4646034085146459,-0.8972281389107196,0.5543337342917453,-0.012325562536827952,0.46065162806589954,-0.5280033960476137,-0.6519067638464683,-0.5171663532013273
-0.8672632752127322,-0.610345535428482,NaN,-0.27652341937926606,-0.2239139523742228,-0.03497973541563555,-0.11147948089429742,0.7147088675091151,-0.08594200359929478,-0.528289707788749,-0.5700859091123592,-0.45398367793304367,-0.5702401672018417,0.029298646652116733,0.09522679671952389,-0.19503338645814197,-0.48022287745014214,0.2692820617972145,-0.5058544636335078,0.48149970815296
-0.020090732079224176,-0.8660088913592957,NaN,-0.27652341937926606,-0.2239139523742228,-0.5791075977498018,-0.13654716105839243,-0.4377564208050783,-0.1284568892215237,1.6482502774271,1.548270212552299,1.7861134500380265,1.5648681475107258,-2.2484129838537528,2.2906996196957943,-1.5856430062456301,1.7901483895284493,-0.6212596584402595,-0.5642777256212106,-1.0164993838784708
-1.1362069396995602,-0.797831996444412,NaN,-0.27652341937926606,-0.2239139523742228,-0.31792624263447844,-0.13471743598545574,-0.019705244438695323,-0.10275581037156489,0.15953877468046895,0.2123141641921586,0.16658381800260136,0.09883970620397284,0.36709490131882083,0.17763056391992404,-0.6924045529549573,0.14873137386361512,-0.7005413584648248,-0.3490794667839577,-0.017833322524183636
0.39677194787535913,0.6509270204968656,NaN,-0.27652341937926606,-0.2239139523742228,0.09561109885099589,-0.09133730193666684,3.1552241041445734,0.2567535366136028,0.06168469654026124,0.0298572940169272,0.07829167475446965,0.07207650912668448,-0.34710294141580894,0.16585865771857455,0.07902839510078509,0.0618026916692144,-0.6786662514003862,-0.7553209327655692,0.9808327388301036
0.9077649104003322,0.27595409846500546,NaN,-0.27652341937926606,-0.2239139523742228,-0.7096989021433426,-0.1383769085685244,-0.5394448141222427,-0.12917175571348094,-0.9643577457710608,-0.9319073011868355,-1.011485324829041,-0.9300564983316058,1.0716413455567264,-1.1055142045779056,0.7794083715735035,-1.045258966555946,-1.849376229793638,0.8643813765741324,0.48149970815296
0.32953603175365215,-0.013797704923250031,NaN,-0.27652341937926606,-0.2239139523742228,-0.5138127290978803,-0.13494614531554436,-0.4603540675158684,-0.1281845617308739,-0.8095013410759655,-0.724710428527185,-0.8449916127753899,-0.8408458422994178,1.4383915611864955,-0.8995047177108755,0.038426651376386914,-0.8688449838282706,0.6508872847398842,0.2050907166347335,-1.5158324145556146
-1.606858352551509,2.0485533662519804,NaN,-0.27652341937926606,-0.2239139523742228,0.030315642540437705,-0.09385321757700106,0.10458007360347148,-0.09904530688708747,-0.800000949896676,-0.7587278293112317,-0.8752631998811021,-0.7427141187905872,1.0233847352654288,-1.1702600436102517,0.941815328200314,-0.8790718759752312,-1.001673434676613,1.994571372221095,1.4801657695072472
-1.1899956725969256,0.4123078882947728,NaN,-0.27652341937926606,-0.2239139523742228,-0.49204753781711846,-0.13319264742290826,-0.3925619368210854,-0.12777606856476414,-0.8247019623456375,-0.8174851546489361,-0.8147200256696778,-0.8348984630895495,0.7241937792551898,-0.5934334507172002,0.26173621902209915,-0.8458344523365634,0.7167640113047926,-0.41317971922612995,-1.5158324145556146
0.7732930781569183,-0.405814850683831,NaN,-0.27652341937926606,-0.2239139523742228,-0.5355764904092929,-0.13044799281068617,-0.4151596506460473,-0.12614206121304183,2.4966352664264906,2.587346798880672,2.3310021768666567,2.5788959776204257,-1.1385112772290988,0.8486330315154281,-0.26608644939507786,2.342401099308382,-1.2232733816514696,-0.6338794545049121,-1.0164993838784708
1.3649691400279398,-1.0705395761039467,NaN,-0.27652341937926606,-0.2239139523742228,-0.5791080678767112,-0.13223977102859333,-0.4490553621187147,-0.1245592067588112,-0.7990509012878545,-0.8174851546489361,-0.7516542220374053,-0.8289510892323206,0.4636081045290374,-0.31090616564260554,0.04857707588824741,-0.78191633614965,1.1251158195588291,-0.4537219764417139,0.48149970815296
-0.4504005952581489,0.940678823885121,NaN,-0.27652341937926606,-0.2239139523742228,-0.12204050053868289,-0.11909124936722269,0.24016398111831336,-0.1026215998125729,0.32864570329939896,0.32673628289764334,0.40371116519185124,0.23860314306091504,-0.2795435862481982,0.7897732356393345,-1.067970625309446,0.3890634152519037,-0.5141758787556812,-0.4279880063501531,0.9808327388301036
-1.5261752532054607,-1.4625567218645277,NaN,3.5948044519304596,-0.2239139523742228,-0.16556986449190303,-0.1151239668718502,-0.1665882905421634,-0.12273798155042012,1.9437125372423951,1.9224615822114322,1.985401424025613,1.8949477565519293,-1.7465443445330044,1.8551365475001416,-1.3623333929229622,1.992129671655086,-0.8601116667556673,-0.549868977360955,-1.0164993838784708
1.2842860406818914,0.3952636645660519,NaN,-0.27652341937926606,-0.2239139523742228,0.09561109885099589,-0.08584805858288769,-0.32476990578067877,-0.12450811020287945,-0.21857689839855812,-0.33505661332802444,-0.06802094517317529,-0.2817924240589732,-0.9165309359041678,0.8780628235057362,-0.5502985184349974,-0.0890439916594995,0.29715708717394046,-0.5754843082150297,-0.017833322524183636
0.5581381465674559,-0.9682742337316211,NaN,-0.27652341937926606,-0.2239139523742228,0.008550803854857902,-0.09286213166837994,-0.2230816446580953,-0.12032104930819622,0.49205255573431256,0.5153782671110698,0.537410638015254,0.4110770143600692,-0.17337907140314904,0.7132552361310667,-1.0476698676396368,0.5245697902738528,-0.6733139259928617,-0.4122822043872319,-0.017833322524183636
0.289194482080628,-1.7182200777953414,NaN,-0.27652341937926606,-0.2239139523742228,-0.20910099142103322,-0.11969834285178407,-0.3586660687486838,-0.11868699673616803,2.3094776861411987,2.3430400964469853,2.204870478787362,2.3766853039431197,-1.5245641769318565,1.1252742310546746,-0.3371394209781018,2.214564774892476,-1.0977472919336193,-0.6470799354766728,-1.0164993838784708
-0.24869284689302792,1.554270878119074,NaN,-0.27652341937926606,-0.2239139523742228,-0.36145676623407486,-0.12495881326911375,-0.09879628594067287,-0.11865303279384132,-0.5909923157361415,-0.6288432261003392,-0.7012015882130622,-0.4185820950358696,0.11616053822750087,-1.2467778577099768,2.02791186548712,-0.6055023879377547,0.06609558378758608,2.4390835143131313,1.4801657695072472
-1.5665168028784848,1.4520055357467485,NaN,-0.27652341937926606,3.195862774795726,0.13914155976700449,-0.10400069232571295,0.36444966523778083,-0.10515208952584355,0.35144664931199066,0.33292128560617923,0.4491186309892476,0.2504978318963391,-0.45326736939896634,0.9663526232676146,-1.1897759021595964,0.4350845472668782,-0.4403063604475492,-0.43582199196511673,0.9808327388301036
1.580124071617402,-0.5421686405135984,NaN,-0.27652341937926606,-0.2239139523742228,0.6397392746031016,0.1394388170137381,-0.3247698651054231,-0.12124016581149574,-0.5947924434786689,-0.656675640875299,-0.49182311924576966,-0.6505297584337068,-0.10581980309742994,0.24237649830523464,-0.30668814744252015,-0.5185737057433542,0.7108336221519272,-0.5108387270435027,0.48149970815296
0.9077649104003322,1.0599883899861675,NaN,-0.27652341937926606,-0.2239139523742228,-0.2308657517521281,-0.117716216320624,0.08198265060658744,-0.10721399484897447,0.2801937731822074,0.29581140851703774,0.34821331793318644,0.18210306331588372,-0.07686586819293245,0.7014832769558479,-1.128873446442345,0.3328155337551928,-0.49271648240893506,-0.38858247258787737,0.9808327388301036
-0.8538160919883908,-0.20128416593918008,NaN,-0.27652341937926606,-0.2239139523742228,0.6397395488437988,-0.11319719228387003,-0.3925619307197971,-0.12559014370356306,-0.4294856169512052,-0.4618487096181661,-0.36569153468491195,-0.46913475007359756,0.03894995828694918,0.10111288225487174,-0.21533423548186315,-0.39073749638004734,-0.00884043284592294,-0.5032463305482568,0.48149970815296
-0.8403689087640493,-0.4399032981412728,NaN,-0.27652341937926606,-0.2239139523742228,-0.4049869881689045,-0.12129932730606628,-0.33606854813118625,-0.12590380185524458,-0.9121055827419916,-0.9288148106872093,-0.8853537334570769,-0.9181617439263488,0.569772645432654,-0.5463456140163255,0.34293968820011317,-0.9174227502894831,2.5260848984545894,-0.5187198723987467,-0.5171663532013273
0.8001874446056011,-1.6670874066091785,NaN,-0.27652341937926606,-0.2239139523742228,-0.4267524732789847,-0.1288469902419711,-0.4377566750254261,-0.12682292084014626,2.577388910806161,2.7574340254602245,2.315866309526817,2.685948765929579,-0.3664054778235822,0.24237649830523464,-0.03262641156054911,2.327060675949018,-1.4222481763092591,-0.5925727333957231,-1.0164993838784708
0.41021913109970054,0.5145732306670983,NaN,-0.27652341937926606,-0.2239139523742228,-0.5138126899206378,-0.12579744275867538,1.652499562714976,1.0822856610578029,-0.7772000115794027,-0.7834677510816478,-0.7617447624244864,-0.7813720769639318,0.5601213077392541,-0.5169156631044096,0.3023379353403237,-0.7921432467050266,0.3691674658651104,-0.4967317239154642,0.48149970815296
-1.5396224364298021,-1.8204854201676668,NaN,-0.27652341937926606,-0.2239139523742228,-0.2091004821168814,-0.12335785145787262,-0.34736704405077334,-0.12573354979336962,2.5916391012662015,2.779081521023892,2.33856999701814,2.6829751071023216,-0.30849760801458737,0.3130083593042851,-0.21533423548186315,2.350071195935465,-1.4218529471869652,-0.5604549557873181,-1.0164993838784708
-1.3917034209620467,0.22482142727884274,NaN,-0.27652341937926606,-0.2239139523742228,-0.36145676623407486,-0.12678855213372092,-0.36996459924223823,-0.12641442127701766,-0.8171016478631423,-0.7278029215317284,-0.8626500459657538,-0.8408458422994178,1.4866481541054146,-0.9760225265132141,0.11963011141900969,-0.8765151494869129,0.5638278142270785,0.30971868590871976,-1.5158324145556146
-1.1765484893725844,0.20777720355012183,NaN,-0.27652341937926606,-0.2239139523742228,-0.5138126115661529,-0.1349461434629319,-0.31347119428223674,-0.12481448347358023,-0.8142515328179509,-0.7154329662130032,-0.8651726663051272,-0.8408458422994178,1.5735100456807987,-1.0113384358231916,0.08917883788342804,-0.8662882573399524,0.6958840985713527,0.38553202813615955,-1.5158324145556146
0.7329515284838941,-0.42285907441255194,NaN,-0.27652341937926606,-0.2239139523742228,0.05208067711222976,-0.12244290174569607,-0.2456790269797237,-0.12318051187531114,0.45595099589097815,0.46899087204291723,0.5071391303724484,0.378366499628266,-0.2409383397088681,0.7250273542278932,-0.9969177450803342,0.4938891736603233,-0.6574835074524887,-0.42636077012754336,-0.017833322524183636
1.109472658765453,0.5316174543958192,NaN,-0.27652341937926606,-0.2239139523742228,-0.5138125723889105,-0.132636151254589,-0.1326923390854877,-0.124045195538365,-0.3563326128225055,-0.4494787598659239,-0.43380259715888136,-0.17176589663297107,-0.5883858191485132,-0.8288728831987595,2.0482127145108415,-0.3932942182662615,-0.12319810737458345,2.7076198897734405,1.4801657695072472
1.1498142084384775,-0.16719571848173825,NaN,-0.27652341937926606,-0.2239139523742228,-0.29616136477165605,-0.13159162282868958,-0.5055487630111907,-0.12886538498872013,-0.933006449492683,-0.9195373389100067,-0.9458968963166573,-0.9211354324607549,0.8689636014428931,-0.840644858266139,0.5357979366332877,-0.9787841330849224,2.2919053650166084,-0.4645429815137041,0.48149970815296
0.5177965968944317,-0.2524168371253428,NaN,-0.27652341937926606,-0.2239139523742228,-0.38322201236297615,-0.12414854645282464,-0.44905550854963505,-0.12667025111333277,-0.15302417540597432,-0.17424715521921677,-0.11847355629383083,-0.17176589663297107,-0.07686586819293245,0.1187707150699613,-0.12398032352120612,-0.14017845239430216,-0.48521989014868244,-0.5428457146481387,0.48149970815296
0.9346592768490151,-0.405814850683831,NaN,-0.27652341937926606,-0.2239139523742228,-0.27439586007295463,-0.12233403606258135,-0.31347113326935333,-0.11826794512496024,0.19089004017757355,0.1535568750365935,0.2851474688935387,0.11370818768263992,-0.501523927573129,0.8133169420942948,-0.8751123768762713,0.2688973715472393,-0.4173817491024423,-0.48305070256150057,-0.017833322524183636
1.0556839258680877,2.133774484895585,NaN,-0.27652341937926606,-0.2239139523742228,0.1826715897333462,-0.10913144487753994,-0.24567906765497938,-0.11974535501704253,-0.7277979661606306,-0.74945036699705,-0.8449916127753899,-0.5613191104304781,0.3767462129536533,-1.4056994549022632,2.02791186548712,-0.7282251305181132,0.6504357667269439,2.275271808112677,1.4801657695072472
0.3833247646510177,0.565705901853261,NaN,-0.27652341937926606,-0.2239139523742228,0.13914148141251956,-0.10475541370374374,-0.25697773847816574,-0.12532510629606738,-0.74774877147697,-0.7370803977621175,-0.7339958160914664,-0.7665036302774211,0.6952398009197465,-0.505143703929191,0.13993098784890443,-0.764019282946151,0.3828623142440421,-0.38599428427682436,-0.017833322524183636
-1.4454921538594123,-0.2524168371253428,NaN,-0.27652341937926606,-0.2239139523742228,-0.0349796570611507,-0.028211298756969785,0.002891934506654922,-0.11977638331593594,-0.5045387234277601,-0.4061838800682466,-0.5246173471241738,-0.5702401672018417,1.3225756912756679,-0.5463456140163255,-0.4487942733163919,-0.5518111362851779,-0.21276399981299673,-0.0010259787924971379,-1.5158324145556146
1.7549374535338405,0.20777720355012183,NaN,-0.27652341937926606,-0.2239139523742228,-0.36145676623407486,-0.1271720820222049,-0.4151593130414255,-0.12262468878360279,-0.9453569608473759,-0.9226298294096328,-0.9711232132288289,-0.9270828097971994,0.965476813339299,-0.9407066066084625,0.6068509904348325,-1.0043513749575836,1.4784393136944847,-0.4272719889564546,0.48149970815296
1.7280430870851577,0.8725019289702374,NaN,-0.27652341937926606,3.195862774795726,-0.07850964785024987,-0.11649879263169997,0.16107338704414773,-0.11358996698326944,0.4122492318647111,0.3793086528419169,0.5247976044294496,0.3069978848781734,-0.6366424641845672,1.1193883044409347,-1.2608290564504445,0.511786295895382,-0.43777367096458525,-0.45600018435894557,0.9808327388301036
0.7598458949325768,1.0258999425287256,NaN,-0.27652341937926606,-0.2239139523742228,0.3132627374179172,-0.1011935851184702,0.09328144345554074,-0.10824265110943845,0.2934942844087058,0.29271894891139205,0.36587174658281274,0.20589249451312625,-0.2409383397088681,0.7426852929907215,-1.0273691099698274,0.3507126099692117,-0.518089567318319,-0.426358196608292,0.9808327388301036
1.1632613916628187,-1.0194069049177839,NaN,-0.27652341937926606,-0.2239139523742228,-0.16557111816366127,-0.11291831029748271,4.838727988873988,0.10554623632987926,0.4901524533864573,0.5339332474042627,0.4516411014842835,0.4883929467646768,0.019647335017284287,0.12465669465757069,-0.23563508450558412,0.43764110807945233,-0.9746915062500112,-0.4035990217573138,-0.017833322524183636
1.4725466058226708,-0.013797704923250031,NaN,-0.27652341937926606,-0.2239139523742228,0.6397395488437988,0.169629483578257,-0.1665882905421634,-0.07004220490634097,-0.8874045625977117,-0.8917049255266677,-0.8777858293019505,-0.8854511716536717,0.666285866015249,-0.6464073199795536,0.4139927237308755,-0.9097525685234767,2.1234542706829176,-0.4988999138847017,-0.5171663532013273
0.8674233607273081,-1.9227507625399922,NaN,-0.27652341937926606,-0.2239139523742228,-0.5355778694482269,-0.1327744957070563,-0.06490017178297464,-0.111098487136699,-0.8038011109855827,-0.8236701350915402,-0.7541768741619412,-0.8348984630895495,0.4539567928942049,-0.2991342064673868,0.038426651376386914,-0.784473081046384,1.2002410335987035,-0.4596801238743899,0.48149970815296
-0.8403689087640493,-0.08197459983813368,NaN,-0.27652341937926606,-0.2239139523742228,0.13914136388079223,-0.09749462204250699,-0.24567914900549065,-0.1119858474044742,-0.47508750897638863,-0.6381207162469357,-0.2597410308982166,-0.5672665083745843,-1.1481625020020394,1.1252742310546746,-0.7330063423563113,-0.2833551081274938,1.1734623237746244,-0.5711667793050704,-0.5171663532013273
-0.3562703126877591,-1.1557606947475512,NaN,-0.27652341937926606,-0.2239139523742228,0.008550294550706087,-0.06816061994393409,-0.11009497710148715,-0.11337665673438542,-0.28982982583046357,-0.245374421959439,-0.22946936432959825,-0.40073990120355085,0.6469831993146382,0.1894026290428813,-1.0070680782382824,-0.2526743304403242,0.03945171704932898,-0.2544673127462045,-1.5158324145556146
1.1632613916628187,-1.5477778405081322,NaN,-0.27652341937926606,-0.2239139523742228,-0.0349796570611507,-0.1027453847705828,-0.44905534584861245,-0.12455920786174549,-0.5938424051302716,-0.6319357135383997,-0.5347078875112551,-0.620792902529161,0.11616053822750087,-0.06369481106753615,-0.012325562536827952,-0.5620380468405544,0.2802393603683251,-0.5268519358809943,0.48149970815296
0.5446909633431145,0.5827501255819819,NaN,-0.27652341937926606,-0.2239139523742228,0.13914136388079223,-0.11860904378165311,-0.08749751342934745,-0.11579396425000126,-0.2945800688745712,-0.2299119847691362,-0.34046524047642795,-0.2996345376017008,0.8400096317936389,-0.5581175731915442,0.07902839510078509,-0.3651702775179061,-0.9493327531329012,-0.29534560723802983,-0.017833322524183636
-0.060432281752248365,1.6906246679488413,NaN,-0.27652341937926606,-0.2239139523742228,0.48738352329640544,-0.085687406206336,0.08198271161947089,-0.10140053850356645,-0.44468623052555895,-0.5020511019777827,-0.6078641861232338,-0.1925817492925474,-0.18303046989987315,-1.4998752448465251,2.779044101550009,-0.4111913174908005,0.10966982303052404,2.3468270311220745,1.4801657695072472
1.4994409722713538,1.4690497594754695,NaN,3.5948044519304596,-0.2239139523742228,0.33502757610349704,-0.013039656367770136,-0.20048436402460598,-0.11324048295235849,-0.5681913440724886,-0.5855483463026618,-0.665884753617497,-0.43047678387129373,0.28988432137826914,-1.1408301191852703,1.662496217644492,-0.6157292294615713,-0.36108185447945806,2.5081939583717556,1.4801657695072472
-1.3917034209620467,0.3441309933798891,NaN,-0.27652341937926606,-0.2239139523742228,-0.5573429314440886,-0.13799571305406955,-0.4151593130414255,-0.12573359611660975,-0.863653578236723,-0.7772827817720097,-0.9206705748637484,-0.8705827249671608,1.4962994917988146,-1.093742233748436,0.31248838725835787,-0.9174227502894831,0.8152238679356063,0.4970501062368988,-1.5158324145556146
-0.826921725539708,0.957723047613842,NaN,3.5948044519304596,-0.2239139523742228,-0.05674488751915492,-0.11367539890253682,0.002891934506654922,-0.10997254196168883,-0.46083690809937095,-0.45566379040687455,-0.6053415567023853,-0.29071342730394284,0.4153515202963074,-1.382155525957052,1.9467083780383236,-0.49556318575690694,-0.581740872702112,2.2728268361479596,1.4801657695072472
0.8405289942786253,0.3441309933798891,NaN,-0.27652341937926606,-0.2239139523742228,-0.4267521324369754,-0.1257870504261972,-0.4942500860867159,-0.12667025019422087,-0.9501071551544676,-0.9226298294096328,-0.9837363739552836,-0.9270828097971994,1.0137334149444073,-0.999566466053199,0.6576031495357001,-1.0171349981949664,0.4924199920036494,-0.371514957251101,0.48149970815296
0.8674233607273081,1.5883593255765158,NaN,-0.27652341937926606,-0.2239139523742228,-0.2526310997418597,-0.1230528342559188,-0.3021725234590504,-0.12314647100331774,-0.612843197749275,-0.6350282009764603,-0.7239052757043853,-0.45426629535812757,0.2802330097434367,-1.2703218025473488,1.8959561641251088,-0.6361830275618043,-0.06856527085539123,2.3973518408375685,1.4801657695072472
-1.337914688064681,-0.15015149475301734,NaN,-0.27652341937926606,-0.2239139523742228,-0.5573430137162978,-0.13616597184281995,-0.4716527383390548,-0.1279462731085535,-0.819951773168758,-0.743265380987963,-0.852559512389779,-0.8467932161566467,1.3708323015669654,-0.887732747940883,0.08917883788342804,-0.8765151494869129,0.7037098339742932,0.15690568628455895,-1.5158324145556146
-1.3513618712890225,-0.047886152380691854,NaN,-0.27652341937926606,-0.2239139523742228,-0.535577822435536,-0.13006718626250818,-0.4490553560174264,-0.12546142318381834,-0.9501071551544676,-0.9319073011868355,-0.9837363739552836,-0.9181617439263488,0.9268715320552121,-0.999566466053199,0.7489570669775918,-1.0171349981949664,0.6156725181421889,-0.7084009158033815,-0.5171663532013273
-1.5261752532054607,1.2645190747308184,NaN,-0.27652341937926606,-0.2239139523742228,-0.056744691632942754,-0.12213956877430789,-0.2569776774652823,-0.12262468878360279,-0.579591829904315,-0.5608084467981775,-0.7440863337748601,-0.3977662156130962,0.6373318876798056,-1.6175949584386111,2.119265777447777,-0.5876052657026958,-0.03511961537148773,2.0902146067468896,1.4801657695072472
0.04714518404248281,-1.3432471557634813,NaN,3.5948044519304596,-0.2239139523742228,-0.4702830752330661,-0.1257870516612722,-0.09879594020099997,-0.12198673440328595,2.2306245288752997,2.2069706491723213,2.189734611447521,2.2785533582997535,-1.9974787076243243,1.507863275066367,-0.49954639587569466,2.199224351533111,-0.9614096175945892,-0.6525074875777078,-1.0164993838784708
-0.7327914429693182,-1.581866287965574,NaN,-0.27652341937926606,-0.2239139523742228,-0.33969178651042226,-0.11649874734561778,-0.17788681900195505,-0.1171229201058573,2.273376126297864,2.2719129967012512,2.2174837394100413,2.3172114850812395,-1.823754924473556,1.4372315200150547,-0.5604490343007701,2.2273484993761463,-1.0035562683402446,-0.6371036880989289,-1.0164993838784708
-0.9076048248857563,-0.5762570879710401,NaN,-0.27652341937926606,-0.2239139523742228,-0.1438054567559901,-0.10666139786308439,-0.3699645890734243,-0.12682291266005027,-0.8807542890287197,-0.916444847297084,-0.8298558248984558,-0.8973459247207689,0.36709490131882083,-0.3521080757297402,0.22113447529770086,-0.8611748066643682,2.34283163621259,-0.542512057877205,-0.5171663532013273
-0.3966118623607833,-1.172804918476272,NaN,-0.27652341937926606,-0.2239139523742228,-0.5355784884486576,-0.1377669996070644,-0.3699645890734243,-0.12396344540546464,2.2676759475096038,2.293560213940772,2.182166791296039,2.3201849833293147,-1.563169423471187,1.2253360429656415,-0.469095122340113,2.1915542549060287,-1.0681802720219622,-0.6326236414482488,-1.0164993838784708
1.3111804071305742,-0.7637435489869702,NaN,-0.27652341937926606,-0.2239139523742228,-0.20910122648448784,-0.13159162282868958,-0.4038606218806113,-0.12059339200095699,0.054084415404145395,0.07933717652314037,0.08333688818879147,-0.005239316225134736,0.19337111816805255,0.24826242491897452,-0.6315020972377059,0.06435939054490863,-0.5938404106803695,-0.3983456969095932,-0.017833322524183636
-1.2437844054942913,1.1963421798159348,NaN,-0.27652341937926606,-0.2239139523742228,-0.5355778694482269,-0.13006718996773306,-0.4151593598179695,-0.12291799329399862,-0.5529907304981349,-0.5298835167527425,-0.7087694991792949,-0.3858714732512779,0.6566345370080382,-1.5351911382643417,1.9568588025501843,-0.5773783781578392,-0.33053042235916313,2.1144940237576044,1.4801657695072472
0.24885293240760376,0.003246518805470881,NaN,-0.27652341937926606,-0.2239139523742228,-0.6008731808029881,-0.13708084127512354,-0.4038606117117974,-0.12631229581179057,-0.805701187682377,-0.7278029215317284,-0.8374237245128449,-0.8348984630895495,1.3708323015669654,-0.8700747720963464,0.05872750040010799,-0.8662882573399524,0.5716535052591454,0.14262619302870058,-1.5158324145556146
-0.7327914429693182,0.19073297982140092,NaN,-0.27652341937926606,-0.2239139523742228,1.9238827002293517,-0.06204209560131861,0.002891934506654922,-0.09978571402838177,-0.5662912930267555,-0.6814155682121981,-0.4363252265797298,-0.6029507622232363,-0.6269911525497346,0.454271975354648,-0.12398032352120612,-0.46232577822560317,1.082708933637673,-0.6202245543713492,-0.5171663532013273
0.39677194787535913,-0.610345535428482,NaN,-0.27652341937926606,-0.2239139523742228,2.576836479790085,-0.04415474772793371,-0.3925619856313922,-0.12559013855653636,-0.1511241243602411,-0.17115461211632668,-0.08063413768479231,-0.2133975216625324,-0.06721455655809985,0.37186820815424787,-0.5705994588126305,-0.10182764711161016,-0.29074936038531496,-0.4523221106449582,-0.017833322524183636
0.22195856595892097,0.13960030863523817,NaN,-0.27652341937926606,-0.2239139523742228,-0.4485172727873221,-0.1292282074525762,-0.3021725031214225,-0.1272314100173103,-0.7990509012878545,-0.7154329662130032,-0.8323784543193042,-0.8319247748227753,1.4190889118582628,-0.8759607622787298,0.018125802352665758,-0.8560613628919399,0.6274108328359191,0.17103700916952247,-1.5158324145556146
